id,obj_id,tag,hyperspace,escape,central_spawn,minFP,maxFP,weight
sotf_global_nav,nav_buoy,,,,,,,1
sotf_global_sensor,sensor_array,,,,,,,1
sotf_global_comm,comm_relay,,,,,,,1
sotf_systems_empl,sotf_objective_empl,,,,,,180,0.35
sotf_systems_empl_t2,sotf_objective_empl_t2,,,,,150,,0.35
sotf_ruins_empl,sotf_objective_empl,theme_ruins,,,,,180,1.65
sotf_ruins_empl_t2,sotf_objective_empl_t2,theme_ruins,,,,150,,1.65
sotf_derelict_reinf,sotf_objective_reinf,theme_derelict,,false,,,,2
sotf_rem_remturret,sotf_objective_empl_rem,theme_remnant_main,,,,,,1
sotf_rem_remreinf,sotf_objective_reinf_rem,theme_remnant_main,,false,,,,1
sotf_rem_omegareinf,sotf_objective_reinf_omega,theme_remnant_main,,false,,60,,0.1
sotf_hypershunt_omegareinf,sotf_objective_reinf_omega,has_coronal_tap,,false,,60,,1