{
	"promise_station":{
		"defaultName":"Anomalous Station", # used if name=null in addCustomEntity()
		"defaultRadius":45, # used if radius<0 in addCustomEntity()
		"icon":"graphics/icons/station0.png",
		"nameInText":"anomalous station",
		"shortName":"station",
		"iconWidth":20,
		"iconHeight":20,
		"sprite":"graphics/stations/station_side00.png",
		"spriteWidth":40,
		"spriteHeight":40,
		"detectionRange":2000,
		"discoverable":true,
		"discoveryXP":1000,
		"renderShadow":true,
		"useLightColor":true,
		"showInCampaign":true,
		"showIconOnMap":true,
		"showNameOnMap":false,
		"scaleNameWithZoom":false,
		"scaleIconWithZoom":true,
		"nameFont":"graphics/fonts/orbitron20aabold.fnt", # font has to be one of the ones already loaded by the game
		"nameFontScale":1,
		"nameAngle":0,
		"nameColor":[205,155,255,255],
		"nameShadowColor":[0,0,0,255],
		"customDescriptionId":"promise_station",
		"interactionImage":"graphics/illustrations/orbital_construction.jpg",
		"tags":["has_interaction_dialog", "salvageable", "neutrino"],
		"layers":[STATIONS],
		"pluginClass":"data.scripts.plugins.PromiseStationPlugin",
	},
	
	"omicron_object":{
		"defaultName":"ODS Dark Matters", # used if name=null in addCustomEntity()
		"defaultRadius":30, # used if radius<0 in addCustomEntity()
		"icon":"graphics/icons/entity_hollow.png",
		"iconColor":[0,255,158,255],
		"iconWidth":20,
		"iconHeight":20,
		"sprite":"graphics/ships/remnants/remnant_cruiser1.png",
		"spriteWidth":12,
		"spriteHeight":15,
		"detectionRange":1000,
		"renderShadow":true,
		"useLightColor":true,
		"showInCampaign":true,
		"showNameOnMap":false,
		"scaleNameWithZoom":false,
		"scaleIconWithZoom":true,
		"nameFont":"graphics/fonts/orbitron20aabold.fnt", # font has to be one of the ones already loaded by the game
		"nameFontScale":1,
		"nameAngle":0,
		"nameColor":[0,255,158,255],
		"nameShadowColor":[0,0,0,255],
		"customDescriptionId":"omicron_object",
		"tags":["has_interaction_dialog", "neutrino"],
		"layers":[STATIONS],
		"pluginClass":"data.scripts.plugins.OmicronObjectPlugin",
	},
	
	"omicron_minion1":{
		"defaultName":"Disabled Frigate", # used if name=null in addCustomEntity()
		"defaultRadius":20, # used if radius<0 in addCustomEntity()
		"icon":"graphics/icons/fleet0.png",
		"iconColor":[0,255,158,255],
		"iconWidth":20,
		"iconHeight":20,
		"sprite":"graphics/ships/remnants/remnant_frigate1.png",
		"spriteWidth":10,
		"spriteHeight":10,
		"detectionRange":500,
		"discoverable":true,
		"discoveryXP":1000,
		"renderShadow":true,
		"useLightColor":true,
		"showInCampaign":true,
		"showIconOnMap":true,
		"showNameOnMap":false,
		"scaleNameWithZoom":false,
		"scaleIconWithZoom":true,
		"nameFont":"graphics/fonts/orbitron20aabold.fnt", # font has to be one of the ones already loaded by the game
		"nameFontScale":1,
		"nameAngle":0,
		"nameColor":[0,255,158,255],
		"nameShadowColor":[0,0,0,255],
		"customDescriptionId":"omicron_minion1",
		"interactionImage":"graphics/illustrations/space_wreckage.jpg",
		"tags":["has_interaction_dialog", "neutrino"],
		"layers":[STATIONS],
		"pluginClass":"data.scripts.plugins.OmicronMinionPlugin",
	},
	
}