{	
	"SABOTEUR":{			
		"engineColor":[165,100,255,255],
		"contrailParticleSizeMult":4,
		"contrailParticleDuration":1,
		"contrailParticleFinalSizeMult":2.5,
		"contrailMaxSpeedMult":0.5f,
		"contrailAngularVelocityMult":0f,
		"contrailColor":[165,100,255,25],
		"contrailCampaignColor":[165,100,255,25],
		"type":"GLOW" # GLOW or SMOKE
	},
               "AE_SIERRA":{
		"engineColor":[125,125,225,255],
		"contrailParticleSizeMult":4,
		"contrailParticleDuration":2,
		"contrailParticleFinalSizeMult":2.5,
		"contrailMaxSpeedMult":0.5,
		"contrailAngularVelocityMult":0,
		"contrailColor":[125,125,225,25],
		"contrailCampaignColor":[125,125,225,25],
		"type":"GLOW" # GLOW or SMOKE
	},
             	
}

