{
    # MANTIDAE FIGHTER'S AUTOBLASTER
    "ae_autoblaster_fire":
	[
		{"file":"sounds/sfx_wpn_energy/ae_autoblaster_fire.ogg","pitch":1,"volume":0.5},
		{"file":"sounds/sfx_wpn_energy/ae_autoblaster_fire_high.ogg","pitch":1,"volume":0.5},
		{"file":"sounds/sfx_wpn_energy/ae_autoblaster_fire_low.ogg","pitch":1,"volume":0.5},
	],
	# LANCE CANNON
    "ae_lancecannon_fire":
    [
        {"file":"sounds/sfx_wpn_ballistic/ae_lancecannon_fire.ogg","pitch":1,"volume":0.9},
    ],
    # EDICT
    "ae_edict_fire":
    [ 
        {"file":"sounds/sfx_wpn_energy/ae_edict_fire.ogg","pitch":1,"volume":1},
	],
}