{
	"ranks":{
		"fronsec_rank_sierra":{"name":""},
		"fronsec_rank_omicron":{"name":"Regnant Mind"},
		"fronsec_rank_eidolon":{"name":"null"},
		"fronsec_rank_adjudicator":{"name":"Adjudicator"},
		"fronsec_rank_tacnethub":{"name":"Tactical Network Hub"},
	},
	
	"posts":{
		"fronsec_post_sierra":{"name":"Experimental AI"},
		"fronsec_post_omicron":{"name":"Root Intelligence"},
		"fronsec_post_eidolon":{"name":": : : error : : :"},
		"fronsec_post_adjudicator":{"name":"Hunter"},
		"fronsec_post_rapidr_splinter":{"name":"Rapid-Response Splinter"},
	},
}







