{
    "id": "raccoonarms",
    "name": "Arsenal Expansion",
    "author": "Inventor Raccoon",
    "version": "1.5.5",
    "description": "A collection of ships and fighter wings added to the Sector.",
    "gameVersion": "0.95.1a-RC6",
	"dependencies": [
        {
            "id": "lw_lazylib",
            "name": "LazyLib",
        },
        {
            "id": "MagicLib",
            "name": "MagicLib",
        }
    ],
    "jars":["jars/raccoonarms.jar"],
    "modPlugin":"data.scripts.AEmodplugin"
}
