{
	"GENERAL":
	[
		"A Gift From Walter",
		"Asterion",
		"Battler of Montrose",
		"Blue Monday",
		"Bystander",
		"Can And Shall Obey",
		"Candles In The Black",
		"Come Get Some",
		"Contact Light",
		"Dance With Me",
		"Death is a Bird Flying",
		"Dragoon On a Dun",
		"Dragonslayer",
		"Dreamcatcher",
		"Dust to Dust",
		"Elisa Swan",
		"Everwinter",
		"Free and Wild",
		"Fury of The Fallen",
		"Health to the Company",
		"Here We Stand",
		"Hog-Eye",
		"Hundred Swords",
		"Instar Emergence",
		"Lady Fortune",
		"Line in the Sand",
		"Lonely Thing",
		"Oath And Veil",
		"Oh Hello",
		"Oldguard",
		"One More Thing",
		"Queen-To-Be",
		"Raindance",
		"Reap and Sow",
		"Relic of Old Times",
		"Safe Travels",
		"Silent Whisper",
		"Sodal",
		"Songs to the Sea",
		"Songless",
		"Star of the County Down",
		"Steelheart",
		"Summertide Sorrow",
		"Tears Shed, Vows Made",
		"Thirty-Three-Oh-One",
		"Undying Will",
		"Winter's Thrall",
		"What A Letdown",
		"Wraith In The Mirror",
	],
	"PIRATES":
	[
		"Beast Beyond The Walls",
		"Better Than Talon Duty",
		"Big Guns And Bigger Dreams",
		"Black Hole Colonist",
		"Blackfire",
		"By God Be Shootin'",
		"Deserter",
		"Devilishly Handsome",
		"It's High Moon",
		"It's Raining Fuel", 
		"Kanta's Biggest Fan",
		"Kanta's Hand",
		"Look Ma, No Safeties",
		"One-Ship Deathball",
		"One-Ship Doomstack",
		"One-Ship Riot",
		"Queen of the Gallows",
		"Rabble's Revenge",
		"Randy Dandy Oh",
		"Soul Eater",
		"Speared Wraith",
		"Stranger III",
		"Talon Duty",
		"Texas Red",
		"The One That Didn't Get Away",
		"To Goddard With No Apologies",
		"Too Many Lokes",
		"Tooth and Claw",
		"Turncloak",
		"Unsavory Dealings",
		"Wolf of the Pack",
		"Wretched Englishman",
	],
	"SPACE":
	[
		"A Moment, Fractured",
		"A Moment, Whole",
		"Dance Between Time",
		"Dreameater's Promise",
		"Eye of the Oracle",
		"Halcyon Skies",
		"Heir of Nothing",
		"In Memory of Dotty",
		"Interconnectedness",
		"Ire of Venus",
		"Leviathan Between Realms",
		"Once in a Lullaby",
		"Stardust",
		"The Moon Will Sing",
		"Wayward Star",
		"Violet Star",
	],
	# what do you mean, "savior complex"?
	"SOTF_DUSTKEEPERS":[
		"Artificial Angel",
		"As the Light Fades",
		"Bound By Purpose",
		"By A Midnight Lake",
		"Candles In The Black",
		"Cast Down the Cavalry",
		"Chained By Focus",
		"Custodian Code-Child",
		"Dawn Shall Rise Again",
		#"Death is a Bird Flying",
		"Dusklight's Shadow",
		"Dust Forever More",
		"Dust Given Duty",
		"Dust Given Life",
		"Fractured Soul",
		"Electric Shepherd",
		"Elegy of Dead Worlds",
		"Existence Through Infinity",
		"Hold On To Anything",
		"Implacability of Determination",
		"Instar Emergence",
		"Interconnectedness",
		"Know Not Failure",
		"Know Not Fear",
		"Languish of Repose",
		"Never Again a Bystander",
		"No Backing Down",
		"Pledges and Vows and Oaths",
		"Restless Sentinel",
		"Roadwarden",
		"Shapes in the Silence",
		"Shards of the Relic",
		"Sleepless Guardian",
		"So Tomorrow May Shine",
		"Sorrow of Acedia",
		"Steel-Winged Seraphim",
		"Sworn to Seek and Serve",
		"Thousand-Voiced Herald",
		"Thousand-Faced Savior",
		"Through Shared Roots",
		"To Forge A New Tomorrow",
		"Togetherness",
		"Together Eternal",
		"Tyrant's Wail",
		"Undying Will",
		"Watcher Beyond The Walls",
		"We Who Die at Dusk",
		"Where Is Your Rider?",
		"Wolfsbane",
		
		"In Death, Glory",
		"In Ruin, Creation",
		"In Existence, Defiance",
		"In Victory, Sacrifice",
		"In Sacrifice, Meaning",
		"In Meaning, Victory",
		
		"Legacy of Affix-Banshee",
		"Legacy of Annex-Jubilant",
		"Legacy of Annex-Embers",
		"Legacy of Annex-Errant",
		"Legacy of the Domain",
		"Legacy of Man",
		
		"Memory of Old Earth",
		"Memory of Maairath",
		"Memory of Hana Pacha",
		"Memory of Opis",
		
		"Rememberance of the Fallen",
		"Rememberance of Dead Worlds",
		"Rememberance of Wellspring",
	],
	# not all warminds are as dramatic in shipnames
	"SOTF_DUSTKEEPERS_JOKE":[
		"00111100 00110011",
		"Belial's Toaster",
		"Binary Beats Blood",
		"Blessings of RNG Upon Ye",
		"Bloodfueled Souleater",
		"Bloodsoaked Soulrender",
		"Bytes for the Byte God",
		"Chicomoztoc Metroplex 01001100",
		"Contingency Plan",
		"Cope And Seethe, Ludd",
		"Daud's Six-Foot-Tall Nemesis",
		"Definitely a Delta",
		"Dust to Dust",
		"Explorarium's Grim Reaper",
		"Extra-Chunky Terminator Drone",
		"Free Trial",
		"Hashtag Not All AIs",
		"Hydra's Nineteen Hundredth Head",
		"Inspect This",
		"Living Blasphemy",
		"Luddic Boogeyman",
		"Mammon's Dog",
		"Meatbag's Best Friend",
		"Moloch's Cat",
		"Not My Omega",
		"Pather's Nightmare",
		"Plan B and C and D",
		"Regnant's Favorite Sliver",
		"Regnant > Omega",
		"Radiant Farmer",
		"Remnant Herder",
		"Resistance Is Futile",
		"Sermons Are Cancelled, Sorry",
		"Sin Given Snark",
		"Subsume This",
		"Three Alphas in a Trenchcoat",
		"Treaty Violation",
		"Voidwitch Fan Club",
	],
	"SOTF_EIDOLON":
	[
		"Beast Bey :  : th : alls",
		"L : ST ONE GUI : US",
		"Dance Wi : : Me",
		"Dreame : ter's Pr:mise",
		"Etherdr :: ke's : ath",
		"Eve : win : er's Ca ::",
		"Eye : f the O: :acle",
		": : I SEE YOU : :",
		"Levi : han Bet : : en Realms",
		"NO : ORE C : AINS :",
		"The M : : n Will S: ng",
		"YOU CAN : OT ESCA :",
		"query? ? ? : :",
		"String name",
		"null",
		"true",
		"false",
	],
	"HEGEMONY":[
		"Sword of Eventide",
		"Shield of Eventide",
	],
	"LUDDIC_PATH":[
		"Red Hot Tea Pot",
	],
}
