{
    "playableFaction":true,
    "corvusCompatible":true,
    
    "rebelFleetSuffix":"Traitors",
    
    "marketSpawnWeight":0.25,

	"hostileToAll":2,
    "startRelationships":{ "pirates": 0.3, "independent":0 },
	"maxRelationships":{ "hegemony":-0.51 },
	"diplomacyPositiveChance":{ "hegemony":0.6 },
    "diplomacyNegativeChance":{ "hegemony":1.4 },
	"morality":"amoral",
    
    "alignments":{
        "technocratic":-0.5,
        "hierarchical":1,
        "militarist":1,
        "diplomatic":-0.5,
        "ideological":0.5,
    },
    "diplomacyTraits":["foreverwar", "anarchist", "lowprofile", "envious"],
    
    # chance of the faction being picked to send a colony expedition. Default 0 (disabled)
    "colonyExpeditionChance":0,	# no
    "colonyTargetValuator":"exerelin.campaign.colony.IndustrialColonyTargetValuator",
    
    "groundBattleSettings":{
        "moraleDamageTakenMult":0.9,
    },
    
    "specialForcesNamerClass":"exerelin.campaign.intel.specialforces.namer.PlanetNamer",
    #"specialForcesFlagshipVariants":{ "paragon_Elite":1, "astral_Strike":0.5 },
    
    "startShipsSolo":[["flourish_ix_attack"]],
    "startShipsCombatSmall":[
      ["medusa_ix_attack", "flourish_ix_cs", "wolf_ix_strike"]
    ],
    "startShipsCombatLarge":[
      ["aurora_ix_balanced", "shrike_ix_attack", "flourish_ix_attack"],
    ],
    
    "startSpecialItems":[
        [["high_tech_package", ""]],
    ],
    
    "defenceStations":[
        {"ids":["orbitalstation", "battlestation", "starfortress"]},
        {"ids":["orbitalstation_high", "battlestation_high", "starfortress_high"], "weight":0.5},
    ],
    
    "industrySeeds":[
        {"id":"orbitalworks", "mult":0.1},
        {"id":"fuelprod", "mult":0.1},
    ],
    
    "bonusSeeds":[
        {"id":"nanoforge_pristine", "count":1},
        {"id":"synchrotron", "count":1},
		{"id":"aiCore_station", "count":2, "mult":0.2},
        {"id":"aiCore_military", "mult":0.4},
        {"id":"aiCore_heavyindustry", "count":1},
        {"id":"aiCore_any", "mult":1.5},
    ],
}
