name,id,designation,tech/manufacturer,system id,fleet pts,hitpoints,armor rating,max flux,8/6/5/4%,flux dissipation,ordnance points,fighter bays,max speed,acceleration,deceleration,max turn rate,turn acceleration,mass,shield type,defense id,shield arc,shield upkeep,shield efficiency,phase cost,phase upkeep,min crew,max crew,cargo,fuel,fuel/ly,range,max burn,base value,cr %/day,CR to deploy,peak CR sec,CR loss/sec,supplies/rec,supplies/mo,c/s,c/f,f/s,f/f,crew/s,crew/f,hints,tags,rarity,breakProb,minPieces,maxPieces,travel drive,number
Borer,ae_borer_upgraded,,,,,250,25,200,,100,,,200,300,250,180,360,5,NONE,,,,,,,0,0,,,,,,,,,,,,,,,,,,,,,,0,,,,
Swallow,ae_swallow,,Midline,flarelauncher,,400,75,300,,30,,,275,300,230,135,250,30,FRONT,,90,0,1,,,2,2,,,,,,,,,,,,,,,,,,,,,,0,,,,
Phoenix,ae_phoenix,,Relminth,,,500,100,100,,10,,,225,400,350,90,180,30,NONE,,0,0,0,,,2,2,,,,,,,,,,,,,,,,,,,,,,0,,,,
Pike,ae_pike,,Low Tech,,,750,150,200,,30,,,170,230,200,90,150,40,NONE,,0,0,0,,,2,2,,,,,,,,,,,,,,,,,,,,,,0,,,,
Reaver,ae_reaver,,High Tech,ae_overlord,,800,100,1200,,180,,,175,150,110,100,180,40,OMNI,,160,0,1,,,3,3,,,,,,,,,,,,,,,,,,,,,,0,,,,
Bombardier,ae_bombardier,,High Tech,,,400,30,1000,,60,,,125,125,100,90,180,10,NONE,,,,1,,,1,1,,,,,,,,,,,,,,,,,,,,,,0,,,,
Mimic,ae_mimic,,High Tech,ae_mimicry,,500,100,1000,,200,,,400,600,600,250,600,5,PHASE,phasecloak,,,,0.02,0.02,1,1,,,,,,,,,,,,,,,,,,,,,,0,,,,
Mimic,mimic_decoy,,High Tech,,,150,50,1000,,200,,,400,600,600,250,600,5,PHASE,phasecloak,,,,0.02,0.02,0,0,,,,,,,,,,,,,,,,,,,,,,0,,,,
Mantidae,ae_mantidae,,High Tech,plasmajets,,350,15,300,,50,,,300,350,275,120,240,20,OMNI,,210,0,0.5,,,2,2,,,,,,,,,,,,,,,,,,,,,,0,,,,
Cackle,ae_cackle,,High Tech,ae_emp_fighter,,500,50,350,,50,,,240,300,250,100,180,30,OMNI,,120,0,1,,,2,2,,,,,,,,,,,,,,,,,,,,,,0,,,,
Daemon,ae_daemon,,High Tech,ae_projection,,800,75,750,,125,,,200,250,200,100,180,30,OMNI,,210,0,1,,,2,2,,,,,,,,,,,,,,,,,,,,,,0,,,,
Phosphor,ae_phosphor,,Remnant,ae_flickerescort,,400,35,325,,60,,,200,275,250,120,180,30,OMNI,,180,0,1,,,0,0,,,,,,,,,,,,,,,,,,,,,,0,,,,
Flicker,ae_flicker,,Remnant,ae_evasivemaneuver,,225,10,100,,25,,,325,500,375,150,300,15,NONE,,0,,1,,,0,0,,,,,,,,,,,,,,,,,,,,,,0,,,,
Brattice,ae_brattice,,Explorarium,,,300,50,400,,100,,,250,350,250,90,180,20,NONE,,0,0,0,,,0,0,,,,,,,,,,,,,,,,,,,,,,0,,,,
Parapet,ae_parapet,,Explorarium,flarelauncher,,300,65,300,,40,,,225,325,225,135,180,20,NONE,,0,0,0,,,0,0,,,,,,,,,,,,,,,,,,,,,,0,,,,
Peon,ae_peon,,Explorarium,,,600,90,200,,100,0,,150,200,200,40,120,30,NONE,,0,0,0,,,0,0,,,,,,,,,,,,,,,,,,,,,,0,,,,
,,,,,,,,,,,,,,,,,,,,,,,,,,,,,,,,,,,,,,,,,,,,,,,,,,,,,
Hailfyre,ae_hailfyre,Frigate,Relminth,maneuveringjets,5,2000,375,2250,,175,55,,110,95,70,50,75,300,FRONT,,180,0.4,0.8,,,20,40,40,30,1,50,10,12500,6,12,240,0.25,5,5,,,,,,,,"ae_relminth_bp, hegemony, independent, sindrian_diktat, lions_guard, persean, scavengers",,0.4,2,2,,
Pigeon,ae_pigeon,Courier,Midline,ae_courierdrive,4,1500,200,2000,,175,40,,175,145,110,75,120,200,OMNI,,120,0.5,0.8,,,10,60,75,60,1,40,10,9000,8,12,180,0.25,4,4,,,,,,,,midline_bp,,0.6,2,2,,
Scrapper,ae_scrapper,Frigate,Low Tech,ae_flareswarm,4,2500,450,2000,,150,45,,120,100,75,50,110,300,FRONT,,160,0.4,1,,,25,50,40,25,1,25,10,10000,8,10,240,0.25,4,4,,,,,,,,lowtech_bp,,0.4,2,2,,
Flourish,ae_flourish,Frigate,High Tech,plasmajets,6,1500,250,2100,,160,60,,150,135,110,75,100,180,OMNI,,160,0.5,0.6,,,25,50,30,20,1,20,10,20000,8,15,240,0.25,6,6,,,,,,,SHIP_WITH_MODULES,hightech_bp,,0.4,2,2,,
Flourish (IX),flourish_ix,Frigate,IX Battlegroup,plasmajets,7,1500,250,2100,,160,60,,150,135,110,75,100,180,OMNI,,160,0.5,0.6,,,25,50,30,20,1,20,10,30000,8,15,240,0.25,6,6,,,,,,,SHIP_WITH_MODULES,"rare_bp, ixbattlegroup",,0.4,2,2,,
Clio,ae_clio,Frigate,High Tech,ae_sympatheticsystemssmall,5,2250,300,2500,,200,50,1,120,100,80,75,100,250,OMNI,,300,0.4,0.6,,,20,40,30,25,1,25,10,24000,8,12,240,0.25,6,6,,,,,,,,hightech_bp,,0.4,2,2,,
,,,,,,,,,,,,,,,,,,,,,,,,,,,,,,,,,,,,,,,,,,,,,,,,,,,,,
Torment,ae_torment,Destroyer,Midline,ae_powerredirect,10,5000,600,4500,,275,80,,70,40,30,30,20,475,FRONT,,210,0.4,0.8,,,60,100,100,100,2,45,9,44000,5,12,360,0.25,10,10,,,,,,,SHIP_WITH_MODULES,midline_bp,,0.4,2,3,,
Flux Reactor,torment_reactor,,,,0,750,50,1250,,125,0,,0,0,0,0,0,0,FRONT,,120,0,1,,,0,0,0,0,0,0,11,0,,1,360,0.5,0,0,,,,,,,"UNBOARDABLE, HIDE_IN_CODEX",,,0.5,2,2,,
Kindling,ae_kindling,Destroyer,Relminth,ae_flareswarm,9,4250,500,4250,,250,80,1,75,55,40,35,60,375,FRONT,,300,0.4,0.8,,,60,120,80,50,2,25,9,38000,5,15,300,0.25,10,10,,,,,,,"CARRIER, COMBAT","ae_relminth_bp, hegemony, independent, sindrian_diktat, persean, scavengers",,,,,,
Lustrare,ae_lustrare,Light Droneship,Remnant,temporalshell,10,4000,380,4000,,260,75,1,100,90,60,40,100,300,OMNI,,120,0.4,0.8,,,0,0,50,60,2,30,9,45000,5,15,360,0.25,10,10,,,,,,,"UNBOARDABLE, HIDE_IN_CODEX","remnant, auto_rec",,0.5,2,3,,
Keeper,ae_keeper,Drone Carrier,Explorarium,ae_fighteraioverride,8,4250,550,2600,,225,45,2,65,45,15,18,18,450,NONE,,0,0,0,,,0,0,120,40,2,20,8,40000,5,10,480,0.25,6,6,,,,,,,"CARRIER, COMBAT, UNBOARDABLE, HIDE_IN_CODEX","derelict, auto_rec",,0.5,2,3,,
,,,,,,,,,,,,,,,,,,,,,,,,,,,,,,,,,,,,,,,,,,,,,,,,,,,,,
Tremor,ae_tremor,Cruiser,Relminth,ae_energisedcharge,14,8000,1000,10000,,500,150,,40,40,28,14,20,1100,FRONT,,210,0.4,0.8,,,130,220,175,120,3,40,8,95000,3,12,420,0.25,20,20,,,,,,,,"ae_relminth_bp, hegemony, independent, sindrian_diktat, lions_guard, persean",,0.5,2,3,,
Cavalier,ae_cavalier,Drone,Explorarium,ae_auxiliaryjets,10,8000,1000,9000,,450,105,,60,40,30,20,20,1300,NONE,,0,0,0,,,0,0,110,60,3,20,8,130000,4,12,480,0.25,18,18,,,,,,,"UNBOARDABLE, HIDE_IN_CODEX","derelict, auto_rec",,0.5,2,3,,
,,,,,,,,,,,,,,,,,,,,,,,,,,,,,,,,,,,,,,,,,,,,,,,,,,,,,
Vanquish,ae_vanquish,Battleship,Low Tech,ae_auxiliaryjets,26,18500,1650,18000,,700,320,3,25,12,12,6,6,3500,OMNI,,240,0.5,0.8,,,450,1500,400,480,15,40,7,330000,3,12,720,0.25,40,40,,,,,,,,"rare_bp, hegemony, independent, sindrian_diktat, scavengers, luddic_church",,0.4,2,4,,
Theseus,ae_theseus,Battlecruiser,High Tech,ae_sympatheticsystems,26,16000,1500,20000,,1150,310,,30,15,10,7,5,3000,OMNI,,300,0.6,0.6,,,400,800,300,300,10,30,7,450000,4,20,720,0.25,45,45,,,,,,,,"rare_bp, tritachyon, persean, lions_guard",,0.5,2,4,,
,,,,,,,,,,,,,,,,,,,,,,,,,,,,,,,,,,,,,,,,,,,,,,,,,,,,,
,ae_flourish_undershield,Undershield,,,0,10,10,500,,50,0,,0,0,0,0,0,0,FRONT,,160,0,1,,,0,0,0,0,0,0,11,0,,1,240,0.5,0,0,,,,,,,"UNBOARDABLE, HIDE_IN_CODEX",,,0,2,2,,
,,,,,,,,,,,,,,,,,,,,,,,,,,,,,,,,,,,,,,,,,,,,,,,,,,,,,
Vow,ae_vow,Cruiser,Unknown,ae_anomalousshift,16,8000,900,10000,,600,140,1,75,45,40,25,30,2000,OMNI,,270,0.5,0.6,0.04,0.02,0,15,100,60,4,15,8,120000,5,15,480,0.25,25,25,,,,,,,HIDE_IN_CODEX,,,0.5,2,3,ae_vow_traveldrive,
,,,,,,,,,,,,,,,,,,,,,,,,,,,,,,,,,,,,,,,,,,,,,,,,,,,,,
,,,,,,,,,,,,,,,,,,,,,,,,,,,,,,,,,,,,,,,,,,,,,,,,,,,,,
,,,,,,,,,,,,,,,,,,,,,,,,,,,,,,,,,,,,,,,,,,,,,,,,,,,,,
,,,,,,,,,,,,,,,,,,,,,,,,,,,,,,,,,,,,,,,,,,,,,,,,,,,,,
,,,,,,,,,,,,,,,,,,,,,,,,,,,,,,,,,,,,,,,,,,,,,,,,,,,,,
,,,,,,,,,,,,,,,,,,,,,,,,,,,,,,,,,,,,,,,,,,,,,,,,,,,,,
,,,,,,,,,,,,,,,,,,,,,,,,,,,,,,,,,,,,,,,,,,,,,,,,,,,,,
,,,,,,,,,,,,,,,,,,,,,,,,,,,,,,,,,,,,,,,,,,,,,,,,,,,,,
,,,,,,,,,,,,,,,,,,,,,,,,,,,,,,,,,,,,,,,,,,,,,,,,,,,,,
,,,,,,,,,,,,,,,,,,,,,,,,,,,,,,,,,,,,,,,,,,,,,,,,,,,,,
,,,,,,,,,,,,,,,,,,,,,,,,,,,,,,,,,,,,,,,,,,,,,,,,,,,,,
,,,,,,,,,,,,,,,,,,,,,,,,,,,,,,,,,,,,,,,,,,,,,,,,,,,,,
,,,,,,,,,,,,,,,,,,,,,,,,,,,,,,,,,,,,,,,,,,,,,,,,,,,,,
,,,,,,,,,,,,,,,,,,,,,,,,,,,,,,,,,,,,,,,,,,,,,,,,,,,,,
,,,,,,,,,,,,,,,,,,,,,,,,,,,,,,,,,,,,,,,,,,,,,,,,,,,,,
,,,,,,,,,,,,,,,,,,,,,,,,,,,,,,,,,,,,,,,,,,,,,,,,,,,,,
,,,,,,,,,,,,,,,,,,,,,,,,,,,,,,,,,,,,,,,,,,,,,,,,,,,,,
,,,,,,,,,,,,,,,,,,,,,,,,,,,,,,,,,,,,,,,,,,,,,,,,,,,,,
,,,,,,,,,,,,,,,,,,,,,,,,,,,,,,,,,,,,,,,,,,,,,,,,,,,,,
,,,,,,,,,,,,,,,,,,,,,,,,,,,,,,,,,,,,,,,,,,,,,,,,,,,,,
,,,,,,,,,,,,,,,,,,,,,,,,,,,,,,,,,,,,,,,,,,,,,,,,,,,,,
,,,,,,,,,,,,,,,,,,,,,,,,,,,,,,,,,,,,,,,,,,,,,,,,,,,,,
,,,,,,,,,,,,,,,,,,,,,,,,,,,,,,,,,,,,,,,,,,,,,,,,,,,,,
,,,,,,,,,,,,,,,,,,,,,,,,,,,,,,,,,,,,,,,,,,,,,,,,,,,,,
,,,,,,,,,,,,,,,,,,,,,,,,,,,,,,,,,,,,,,,,,,,,,,,,,,,,,
,,,,,,,,,,,,,,,,,,,,,,,,,,,,,,,,,,,,,,,,,,,,,,,,,,,,,
,,,,,,,,,,,,,,,,,,,,,,,,,,,,,,,,,,,,,,,,,,,,,,,,,,,,,
,,,,,,,,,,,,,,,,,,,,,,,,,,,,,,,,,,,,,,,,,,,,,,,,,,,,,
,,,,,,,,,,,,,,,,,,,,,,,,,,,,,,,,,,,,,,,,,,,,,,,,,,,,,
,,,,,,,,,,,,,,,,,,,,,,,,,,,,,,,,,,,,,,,,,,,,,,,,,,,,,
,,,,,,,,,,,,,,,,,,,,,,,,,,,,,,,,,,,,,,,,,,,,,,,,,,,,,
,,,,,,,,,,,,,,,,,,,,,,,,,,,,,,,,,,,,,,,,,,,,,,,,,,,,,
,,,,,,,,,,,,,,,,,,,,,,,,,,,,,,,,,,,,,,,,,,,,,,,,,,,,,
,,,,,,,,,,,,,,,,,,,,,,,,,,,,,,,,,,,,,,,,,,,,,,,,,,,,,
,,,,,,,,,,,,,,,,,,,,,,,,,,,,,,,,,,,,,,,,,,,,,,,,,,,,,
,,,,,,,,,,,,,,,,,,,,,,,,,,,,,,,,,,,,,,,,,,,,,,,,,,,,,
,,,,,,,,,,,,,,,,,,,,,,,,,,,,,,,,,,,,,,,,,,,,,,,,,,,,,
,,,,,,,,,,,,,,,,,,,,,,,,,,,,,,,,,,,,,,,,,,,,,,,,,,,,,
,,,,,,,,,,,,,,,,,,,,,,,,,,,,,,,,,,,,,,,,,,,,,,,,,,,,,
,,,,,,,,,,,,,,,,,,,,,,,,,,,,,,,,,,,,,,,,,,,,,,,,,,,,,
,,,,,,,,,,,,,,,,,,,,,,,,,,,,,,,,,,,,,,,,,,,,,,,,,,,,,
,,,,,,,,,,,,,,,,,,,,,,,,,,,,,,,,,,,,,,,,,,,,,,,,,,,,,
,,,,,,,,,,,,,,,,,,,,,,,,,,,,,,,,,,,,,,,,,,,,,,,,,,,,,
,,,,,,,,,,,,,,,,,,,,,,,,,,,,,,,,,,,,,,,,,,,,,,,,,,,,,
,,,,,,,,,,,,,,,,,,,,,,,,,,,,,,,,,,,,,,,,,,,,,,,,,,,,,
,,,,,,,,,,,,,,,,,,,,,,,,,,,,,,,,,,,,,,,,,,,,,,,,,,,,,
,,,,,,,,,,,,,,,,,,,,,,,,,,,,,,,,,,,,,,,,,,,,,,,,,,,,,
,,,,,,,,,,,,,,,,,,,,,,,,,,,,,,,,,,,,,,,,,,,,,,,,,,,,,
,,,,,,,,,,,,,,,,,,,,,,,,,,,,,,,,,,,,,,,,,,,,,,,,,,,,,
,,,,,,,,,,,,,,,,,,,,,,,,,,,,,,,,,,,,,,,,,,,,,,,,,,,,,
,,,,,,,,,,,,,,,,,,,,,,,,,,,,,,,,,,,,,,,,,,,,,,,,,,,,,
,,,,,,,,,,,,,,,,,,,,,,,,,,,,,,,,,,,,,,,,,,,,,,,,,,,,,
,,,,,,,,,,,,,,,,,,,,,,,,,,,,,,,,,,,,,,,,,,,,,,,,,,,,,
,,,,,,,,,,,,,,,,,,,,,,,,,,,,,,,,,,,,,,,,,,,,,,,,,,,,,
,,,,,,,,,,,,,,,,,,,,,,,,,,,,,,,,,,,,,,,,,,,,,,,,,,,,,
,,,,,,,,,,,,,,,,,,,,,,,,,,,,,,,,,,,,,,,,,,,,,,,,,,,,,
,,,,,,,,,,,,,,,,,,,,,,,,,,,,,,,,,,,,,,,,,,,,,,,,,,,,,
,,,,,,,,,,,,,,,,,,,,,,,,,,,,,,,,,,,,,,,,,,,,,,,,,,,,,
,,,,,,,,,,,,,,,,,,,,,,,,,,,,,,,,,,,,,,,,,,,,,,,,,,,,,
,,,,,,,,,,,,,,,,,,,,,,,,,,,,,,,,,,,,,,,,,,,,,,,,,,,,,
,,,,,,,,,,,,,,,,,,,,,,,,,,,,,,,,,,,,,,,,,,,,,,,,,,,,,
,,,,,,,,,,,,,,,,,,,,,,,,,,,,,,,,,,,,,,,,,,,,,,,,,,,,,
,,,,,,,,,,,,,,,,,,,,,,,,,,,,,,,,,,,,,,,,,,,,,,,,,,,,,
,,,,,,,,,,,,,,,,,,,,,,,,,,,,,,,,,,,,,,,,,,,,,,,,,,,,,
,,,,,,,,,,,,,,,,,,,,,,,,,,,,,,,,,,,,,,,,,,,,,,,,,,,,,
,,,,,,,,,,,,,,,,,,,,,,,,,,,,,,,,,,,,,,,,,,,,,,,,,,,,,
,,,,,,,,,,,,,,,,,,,,,,,,,,,,,,,,,,,,,,,,,,,,,,,,,,,,,
,,,,,,,,,,,,,,,,,,,,,,,,,,,,,,,,,,,,,,,,,,,,,,,,,,,,,
,,,,,,,,,,,,,,,,,,,,,,,,,,,,,,,,,,,,,,,,,,,,,,,,,,,,,
,,,,,,,,,,,,,,,,,,,,,,,,,,,,,,,,,,,,,,,,,,,,,,,,,,,,,
,,,,,,,,,,,,,,,,,,,,,,,,,,,,,,,,,,,,,,,,,,,,,,,,,,,,,
,,,,,,,,,,,,,,,,,,,,,,,,,,,,,,,,,,,,,,,,,,,,,,,,,,,,,
,,,,,,,,,,,,,,,,,,,,,,,,,,,,,,,,,,,,,,,,,,,,,,,,,,,,,
,,,,,,,,,,,,,,,,,,,,,,,,,,,,,,,,,,,,,,,,,,,,,,,,,,,,,
,,,,,,,,,,,,,,,,,,,,,,,,,,,,,,,,,,,,,,,,,,,,,,,,,,,,,
,,,,,,,,,,,,,,,,,,,,,,,,,,,,,,,,,,,,,,,,,,,,,,,,,,,,,
,,,,,,,,,,,,,,,,,,,,,,,,,,,,,,,,,,,,,,,,,,,,,,,,,,,,,
,,,,,,,,,,,,,,,,,,,,,,,,,,,,,,,,,,,,,,,,,,,,,,,,,,,,,
,,,,,,,,,,,,,,,,,,,,,,,,,,,,,,,,,,,,,,,,,,,,,,,,,,,,,
,,,,,,,,,,,,,,,,,,,,,,,,,,,,,,,,,,,,,,,,,,,,,,,,,,,,,
,,,,,,,,,,,,,,,,,,,,,,,,,,,,,,,,,,,,,,,,,,,,,,,,,,,,,
,,,,,,,,,,,,,,,,,,,,,,,,,,,,,,,,,,,,,,,,,,,,,,,,,,,,,
,,,,,,,,,,,,,,,,,,,,,,,,,,,,,,,,,,,,,,,,,,,,,,,,,,,,,
,,,,,,,,,,,,,,,,,,,,,,,,,,,,,,,,,,,,,,,,,,,,,,,,,,,,,
,,,,,,,,,,,,,,,,,,,,,,,,,,,,,,,,,,,,,,,,,,,,,,,,,,,,,
,,,,,,,,,,,,,,,,,,,,,,,,,,,,,,,,,,,,,,,,,,,,,,,,,,,,,
,,,,,,,,,,,,,,,,,,,,,,,,,,,,,,,,,,,,,,,,,,,,,,,,,,,,,
,,,,,,,,,,,,,,,,,,,,,,,,,,,,,,,,,,,,,,,,,,,,,,,,,,,,,
,,,,,,,,,,,,,,,,,,,,,,,,,,,,,,,,,,,,,,,,,,,,,,,,,,,,,
,,,,,,,,,,,,,,,,,,,,,,,,,,,,,,,,,,,,,,,,,,,,,,,,,,,,,
,,,,,,,,,,,,,,,,,,,,,,,,,,,,,,,,,,,,,,,,,,,,,,,,,,,,,
,,,,,,,,,,,,,,,,,,,,,,,,,,,,,,,,,,,,,,,,,,,,,,,,,,,,,
,,,,,,,,,,,,,,,,,,,,,,,,,,,,,,,,,,,,,,,,,,,,,,,,,,,,,
,,,,,,,,,,,,,,,,,,,,,,,,,,,,,,,,,,,,,,,,,,,,,,,,,,,,,
,,,,,,,,,,,,,,,,,,,,,,,,,,,,,,,,,,,,,,,,,,,,,,,,,,,,,
,,,,,,,,,,,,,,,,,,,,,,,,,,,,,,,,,,,,,,,,,,,,,,,,,,,,,
,,,,,,,,,,,,,,,,,,,,,,,,,,,,,,,,,,,,,,,,,,,,,,,,,,,,,
,,,,,,,,,,,,,,,,,,,,,,,,,,,,,,,,,,,,,,,,,,,,,,,,,,,,,
,,,,,,,,,,,,,,,,,,,,,,,,,,,,,,,,,,,,,,,,,,,,,,,,,,,,,
,,,,,,,,,,,,,,,,,,,,,,,,,,,,,,,,,,,,,,,,,,,,,,,,,,,,,
,,,,,,,,,,,,,,,,,,,,,,,,,,,,,,,,,,,,,,,,,,,,,,,,,,,,,
,,,,,,,,,,,,,,,,,,,,,,,,,,,,,,,,,,,,,,,,,,,,,,,,,,,,,
,,,,,,,,,,,,,,,,,,,,,,,,,,,,,,,,,,,,,,,,,,,,,,,,,,,,,
,,,,,,,,,,,,,,,,,,,,,,,,,,,,,,,,,,,,,,,,,,,,,,,,,,,,,
,,,,,,,,,,,,,,,,,,,,,,,,,,,,,,,,,,,,,,,,,,,,,,,,,,,,,
,,,,,,,,,,,,,,,,,,,,,,,,,,,,,,,,,,,,,,,,,,,,,,,,,,,,,
,,,,,,,,,,,,,,,,,,,,,,,,,,,,,,,,,,,,,,,,,,,,,,,,,,,,,
,,,,,,,,,,,,,,,,,,,,,,,,,,,,,,,,,,,,,,,,,,,,,,,,,,,,,
,,,,,,,,,,,,,,,,,,,,,,,,,,,,,,,,,,,,,,,,,,,,,,,,,,,,,
,,,,,,,,,,,,,,,,,,,,,,,,,,,,,,,,,,,,,,,,,,,,,,,,,,,,,
,,,,,,,,,,,,,,,,,,,,,,,,,,,,,,,,,,,,,,,,,,,,,,,,,,,,,
,,,,,,,,,,,,,,,,,,,,,,,,,,,,,,,,,,,,,,,,,,,,,,,,,,,,,
,,,,,,,,,,,,,,,,,,,,,,,,,,,,,,,,,,,,,,,,,,,,,,,,,,,,,
,,,,,,,,,,,,,,,,,,,,,,,,,,,,,,,,,,,,,,,,,,,,,,,,,,,,,
,,,,,,,,,,,,,,,,,,,,,,,,,,,,,,,,,,,,,,,,,,,,,,,,,,,,,
,,,,,,,,,,,,,,,,,,,,,,,,,,,,,,,,,,,,,,,,,,,,,,,,,,,,,
,,,,,,,,,,,,,,,,,,,,,,,,,,,,,,,,,,,,,,,,,,,,,,,,,,,,,
,,,,,,,,,,,,,,,,,,,,,,,,,,,,,,,,,,,,,,,,,,,,,,,,,,,,,
,,,,,,,,,,,,,,,,,,,,,,,,,,,,,,,,,,,,,,,,,,,,,,,,,,,,,
,,,,,,,,,,,,,,,,,,,,,,,,,,,,,,,,,,,,,,,,,,,,,,,,,,,,,
,,,,,,,,,,,,,,,,,,,,,,,,,,,,,,,,,,,,,,,,,,,,,,,,,,,,,
,,,,,,,,,,,,,,,,,,,,,,,,,,,,,,,,,,,,,,,,,,,,,,,,,,,,,
,,,,,,,,,,,,,,,,,,,,,,,,,,,,,,,,,,,,,,,,,,,,,,,,,,,,,
,,,,,,,,,,,,,,,,,,,,,,,,,,,,,,,,,,,,,,,,,,,,,,,,,,,,,
,,,,,,,,,,,,,,,,,,,,,,,,,,,,,,,,,,,,,,,,,,,,,,,,,,,,,
,,,,,,,,,,,,,,,,,,,,,,,,,,,,,,,,,,,,,,,,,,,,,,,,,,,,,
,,,,,,,,,,,,,,,,,,,,,,,,,,,,,,,,,,,,,,,,,,,,,,,,,,,,,
,,,,,,,,,,,,,,,,,,,,,,,,,,,,,,,,,,,,,,,,,,,,,,,,,,,,,
,,,,,,,,,,,,,,,,,,,,,,,,,,,,,,,,,,,,,,,,,,,,,,,,,,,,,
,,,,,,,,,,,,,,,,,,,,,,,,,,,,,,,,,,,,,,,,,,,,,,,,,,,,,
,,,,,,,,,,,,,,,,,,,,,,,,,,,,,,,,,,,,,,,,,,,,,,,,,,,,,
,,,,,,,,,,,,,,,,,,,,,,,,,,,,,,,,,,,,,,,,,,,,,,,,,,,,,
,,,,,,,,,,,,,,,,,,,,,,,,,,,,,,,,,,,,,,,,,,,,,,,,,,,,,
,,,,,,,,,,,,,,,,,,,,,,,,,,,,,,,,,,,,,,,,,,,,,,,,,,,,,
,,,,,,,,,,,,,,,,,,,,,,,,,,,,,,,,,,,,,,,,,,,,,,,,,,,,,
,,,,,,,,,,,,,,,,,,,,,,,,,,,,,,,,,,,,,,,,,,,,,,,,,,,,,
,,,,,,,,,,,,,,,,,,,,,,,,,,,,,,,,,,,,,,,,,,,,,,,,,,,,,
,,,,,,,,,,,,,,,,,,,,,,,,,,,,,,,,,,,,,,,,,,,,,,,,,,,,,
,,,,,,,,,,,,,,,,,,,,,,,,,,,,,,,,,,,,,,,,,,,,,,,,,,,,,