id,variant,tags,tier,rarity,fleet pts,op cost,formation,range,attackRunRange,attackPositionOffset,num,role,role desc,refit,base value,Column,Column 2,Column 3,Column 4,Column 5,Column 6,Column 7,Column 8,Column 9,Column 10,Column 11,Column 12,number
bombardier_wing,bombardier_support,"bomber3, bomber, high, rare_bp, tritachyon, persean, lions_guard, independent",1,,4,12,BOX,0,500,,2,SUPPORT,Fire Support,15,5000,,,,,,,,,,,,,
mimic_wing,mimic_fighter,"fighter4, fighter, high, auto_fighter, rare_bp, tritachyon",3,,4,10,CLAW,4000,500,,1,FIGHTER,Decoy,15,8000,,,,,,,,,,,,,
mantidae_interceptor_wing,mantidae_interceptor,"interceptor3, interceptor, high, rare_bp, independent, tritachyon, persean, sindrian_diktat, lions_guard",3,,5,12,CLAW,4000,200,600,3,INTERCEPTOR,Interceptor,12,7000,,,,,,,,,,,,,
mantidae_fighter_wing,mantidae_fighter,"fighter3, fighter, high, rare_bp, independent, tritachyon, persean, sindrian_diktat, lions_guard",3,,5,12,V,4000,500,,3,FIGHTER,Fighter,12,7000,,,,,,,,,,,,,
mantidae_support_wing,mantidae_support,"bomber3, bomber, high, rare_bp, independent, tritachyon, persean, sindrian_diktat, lions_guard",3,,5,12,BOX,4000,1000,,4,SUPPORT,Support,12,7000,,,,,,,,,,,,,
reaver_wing,reaver_fighter,"fighter4, fighter, high, rare_bp, tritachyon",3,,7,20,V,5000,500,-100,1,FIGHTER,Heavy Assault Fighter,20,12000,,,,,,,,,,,,,
swallow_wing,swallow_fighter,"support2, fighter, mid, midline_bp, hegemony, independent, sindrian_diktat, lions_guard, persean, tritachyon, scavengers",2,,4,12,BOX,4000,200,,2,SUPPORT,Support,12,8000,,,,,,,,,,,,,
phoenix_wing,phoenix_bomber,"bomber2, bomber, mid, ae_relminth_bp, hegemony, independent, sindrian_diktat, lions_guard, persean, scavengers",2,,6,16,V,6000,1000,,3,BOMBER,Multirole Bomber,15,8500,,,,,,,,,,,,,
pike_wing,pike_escort,"support1, fighter, low, lowtech_bp, hegemony, luddic_church, independent, scavengers, sindrian_diktat, pirates",0,,3,10,BOX,4000,500,,2,SUPPORT,Support,10,7500,,,,,,,,,,,,,
cackle_wing,cackle_disruptor,"fighter3, fighter, high, rare_bp, tritachyon, persean, lions_guard",3,,6,14,BOX,4000,200,400,2,FIGHTER,Fighter,15,8000,,,,,,,,,,,,,
daemon_wing,daemon_fighter,"fighter3, fighter, high, rare_bp, tritachyon",3,,6,18,BOX,8000,500,500,1,FIGHTER,Fighter,15,10000,,,,,,,,,,,,,
brattice_wing,brattice_fighter,"no_sell, interceptor1, interceptor, low, auto_fighter, derelict",0,,2,0,V,4000,200,400,3,INTERCEPTOR,Interceptor Drone,6,2000,,,,,,,,,,,,,
parapet_wing,parapet_support,"no_sell, support2, fighter, auto_fighter, derelict",0,,2,3,V,2500,200,,3,SUPPORT,Escort Drone,8,2000,,,,,,,,,,,,,
peon_wing,peon_bomber,"no_sell, bomber1, bomber, auto_fighter, derelict",0,,3,8,BOX,4000,2500,800,2,BOMBER,Bomber Drone,15,3000,,,,,,,,,,,,,
phosphor_wing,phosphor_fighter,"no_sell, fighter5, fighter, auto_fighter, remnant",3,,5,15,V,4000,500,100,3,FIGHTER,Fighter Drone,15,10000,,,,,,,,,,,,,
phosphor_duo,phosphor_fighter,"no_drop, no_sell, high",3,,3,12,BOX,1200,200,100,2,FIGHTER,Fighter Drone,15,8000,,,,,,,,,,,,,
borer_ui_wing,borer_upgraded,"no_drop, no_sell, low",0,,4,0,BOX,1200,200,,6,INTERCEPTOR,Drone,5,3000,,,,,,,,,,,,,
clio_escort,drone_terminator,"no_drop, no_sell, high",0,,3,0,BOX,0,200,,1,SUPPORT,Anti Fighter,20,6000,,,,,,,,,,,,,