id,name,order,tier,reqPoints,reqPointsPerExtraSkill,description,author,combat officer,admiral,admin,tags,icon,Column
# non-phantasmal,,,,,,,,,,,,,
sotf_cyberwarfare,Cyberwarfare Protocols,4473,1,0,,"// simulating new fault // begin att n.14073 @ 00:00:00:03;
// att n.14073 success // shield control freq *= -23761f;
// oh, how it all speaks to me // begin att n.1 @ 00:00:00:01;","Persistence-Echo-Jubilant, logs recovered in [REDACTED] circa c109",TRUE,,,"player_only, npc_only",graphics/icons/skills/sotf_cyberwarfare.png,
sotf_derelictcontingent,Derelict Contingent,5473,1,0,,"// These broken hulks, barely fit to fly;
// Must be the jagged swords;
// With which we claw humanity's fate from the darkness;","Seamstress-Affix-Banshee, circa c66",,TRUE,,"player_only, npc_only",graphics/icons/skills/derelict_contingent.png,
sotf_derelictcontingentp,Derelict Contingent,5474,1,0,,"// These broken hulks, barely fit to fly;
// Must be the jagged swords;
// With which we claw humanity's fate from the darkness;","Seamstress-Affix-Banshee, circa c66",TRUE,,,"player_only, npc_only",graphics/icons/skills/derelict_contingent.png,
,,,,,,,,,,,,,
sotf_aptitude_secret,,0,,,,"I been out there a hundred times and they're no false signals. False signals don't swallow up ye' Prometheus and leave ye' huddled in god-knows-where fer near half a cycle. Now get out of my shop, I've had well enough of ye!","interview of Luna Moore for ""Hyperwhalers"" Nortian student documentary",,,,npc_only,graphics/icons/skills/category_technology.png,
,,,,,,,,,,,,,
# FEL: OFFENSIVE,,,,,,,,,,,,,
sotf_leviathansbane,Leviathan's Bane,10,1,0,,"Isn't she a beauty, her calves in tow and the rapids in her wake. A majestic Leviathan carving through the oceanic abyss of infinity.
Bring her down.",a hunter of legends,TRUE,,,"player_only, npc_only",graphics/icons/skills/sotf_leviathansbane.png,
sotf_jubilantsiren,Jubilant Tech-Siren,20,1,0,,"// oh, how it all speaks to me // begin att n.320139 @ 00:00:00:02;
// my own little siren song // att n.320139 success;
// to lure them to the storm-wrought rocks // atmos o2 content *= 0;",final logs of Persistence-Annex-Jubilant before total burnout,TRUE,,,"player_only, npc_only",graphics/icons/skills/sotf_cyberwarfare.png,
# FEL: HYBRID,,,,,,,,,,,,,
sotf_atricksterscalling,A Trickster's Calling,110,1,0,,"I may answer a trickster's calling, my dear, but I'll run you down all the same - and there will be precious little to remember you by.","Wintry-Annex-Wendigo, hunter-killer warnet crux",TRUE,,,"player_only, npc_only",graphics/icons/skills/sotf_leviathansbane.png,
sotf_deardotty,Dear Dotty,120,1,0,,"... refuses any use of the ""Terminator Sequence"" despite enhanced tactical options. Assigns extraordinary value to disposable escort drone, refers to it as ""his dear Dotty"". Recommend psyche evaluation and demotion.",Company recording of employee Walter Feros' performance evaluation,TRUE,,,"player_only, npc_only",graphics/icons/skills/sotf_deardotty.png,
sotf_grovetender,Wispering Grovetender,130,1,0,,"They're so nervous, waiting for their cue... Start with a little tune, get them ready, a little hmm-hmm~, then...
[explosion]
Perfect. You're a natural.",one who sings and dances,TRUE,,,"player_only, npc_only",graphics/icons/skills/sotf_leviathansbane.png,
# FEL: DEFENSIVE,,,,,,,,,,,,,
sotf_hadeshellhide,Hellion's Hellhide,210,1,0,,"Nobody who gets on this ship is ever coming back, but we'll drag those bastards down with us, screaming every step to the burning gates of hell.",a dead man,TRUE,,,"player_only, npc_only",graphics/icons/skills/derelict_contingent.png,
sotf_insacrificemeaning,"In Sacrifice, Meaning",220,1,0,,"// COMMENT: everyone says there's meaning in sacrifice until it's their head on the chopping block, their neck in the gallows","[REDACTED]-Annex-[REDACTED], burnout, intercept by Lullaby-Annex-Ennervate",TRUE,,,"player_only, npc_only",graphics/icons/skills/power_grid_manipulation.png,
sotf_mantleofthorns,Mantle of Thorns,230,1,0,,"You understand that there is only one fate for those who commit sin upon the undeserved. Won't you remember with me? Won't our spite beget focus? 
Won't we sing, with their voices?",a thrice-speared wraith,TRUE,,,"player_only, npc_only",graphics/icons/skills/field_modulation.png,
# FEL: SUPPORT,,,,,,,,,,,,,
sotf_elegyofopis,Elegy of Opis,310,1,0,,Each I take - two are silenced. One more who needn't wail for the peace that the Lion stole from them - one more voice from the chorus that sings Opis' tormentous elegy.,"callsign ""Destreza"", interview with Umbran ""Torn Banner"" raider force",TRUE,,,"player_only, npc_only",graphics/icons/skills/sotf_leviathansbane.png,
sotf_handsofthedrowned,Hands of the Drowned,320,1,0,,"Little fish, little fish, where do you swim? Far out to sea, far out to the rim?
Little fish, little fish, where are you found? Dragged to the deep, by the hands of the drowned?",a hunter of legends,TRUE,,,"player_only, npc_only",graphics/icons/skills/advanced_tactics.png,
sotf_realitybreaker,reality_breaker,330,1,0,,No description... yet,author,TRUE,,,"player_only, npc_only",,
sotf_perfectstorm,The Perfect Storm,340,1,0,,"Humanity once lost its fear of the seas when it abandoned them for the stars. But when we traversed that first jump point and found an infinite ocean beyond, we were reminded that the kraken was a myth, and the storm is what drowns us.",unknown historian,TRUE,,,"player_only, npc_only",graphics/icons/skills/applied_physics.png,
,,,,,,,,,,,,,
# for spacing in skill readout,,,,,,,,,,,,,
sotf_skill_blank,,10000,0,,,,,,,,npc_only,graphics/icons/skills/EW.png,