{
	"sotf_objective_empl":{
		"name":"Emplacement Uplink",
		"icon":"graphics/warroom/sotf_objective_empl.png",
		"sprite":"graphics/ships/deployables/mini_navbeacon.png",
		"spriteScale":1,
		"captureTime":5,
		"battleSizeFractionBonus":0.04,
		"effectClass":"data.scripts.combat.obj.SotfEmplacementEffect",
	},
	"sotf_objective_empl_t2":{
		"name":"Siegeworks Uplink",
		"icon":"graphics/warroom/sotf_objective_empl.png",
		"sprite":"graphics/ships/deployables/mini_navbeacon.png",
		"spriteScale":1,
		"captureTime":5,
		"battleSizeFractionBonus":0.04,
		"effectClass":"data.scripts.combat.obj.SotfEmplacementEffect",
	},
	"sotf_objective_reinf":{
		"name":"Hyperwave Transmitter",
		"icon":"graphics/warroom/sotf_objective_reinf.png",
		"sprite":"graphics/ships/deployables/mini_navbeacon.png",
		"spriteScale":1,
		"captureTime":10,
		"battleSizeFractionBonus":0.04,
		"effectClass":"data.scripts.combat.obj.SotfReinforcerEffect",
	},
	"sotf_objective_empl_rem":{
		"name":"Detached Module",
		"icon":"graphics/warroom/sotf_objective_empl.png",
		"sprite":"graphics/ships/deployables/mini_navbeacon.png",
		"spriteScale":1,
		"captureTime":5,
		"battleSizeFractionBonus":0.04,
		"effectClass":"data.scripts.combat.obj.SotfEmplacementEffect",
	},
	"sotf_objective_reinf_rem":{
		"name":"Network Hub",
		"icon":"graphics/warroom/sotf_objective_reinf.png",
		"sprite":"graphics/ships/deployables/mini_navbeacon.png",
		"spriteScale":1,
		"captureTime":10,
		"battleSizeFractionBonus":0.04,
		"effectClass":"data.scripts.combat.obj.SotfReinforcerEffect",
	},
	
	# not a "real" reinforcer but close enough
	"sotf_objective_reinf_omega":{
		"name":"Fractal Beacon",
		"icon":"graphics/warroom/sotf_objective_unknown.png",
		"sprite":"graphics/ships/deployables/sotf_obj_omegabeacon.png",
		"spriteScale":1,
		"captureTime":75,
		"battleSizeFractionBonus":0,
		"effectClass":"data.scripts.combat.obj.SotfOmegaReinforcerEffect",
	},
}