name,id,flux/second,f/s (base rate),f/s (base cap),flux/use,f/u (base rate),f/u (base cap),cr/u,max uses,regen,charge up,active,down,cooldown,toggle,noDissipation,noHardDissipation,hardFlux,noFiring,noTurning,noStrafing,noAccel,noShield,noVent,isPhaseCloak,tags,icon
Concord Shift,sotf_concordshift,,,,,,,,2,0.1,0.2,3,0.25,0.25,,,TRUE,TRUE,TRUE,,,,,TRUE,TRUE,restricted,graphics/icons/hullsys/phase_cloak.png
Interdimensional Entry,sotf_concordentry,1,,,,,,,,,0.2,,0.2,2,TRUE,,,,TRUE,TRUE,TRUE,TRUE,TRUE,,,restricted,graphics/icons/hullsys/phase_cloak.png
,,,,,,,,,,,,,,,,,,,,,,,,,,,
Drone Strike,sotf_dronestrike,,,,,,0.05,,2,0.04,0.5,,0.25,1,,,,,,,,,,,,,graphics/icons/hullsys/interdictor_array.png
,,,,,,,,,,,,,,,,,,,,,,,,,,,
Off-Site Pilum Platforms,sotf_lrms,,,,,,0,,,,0.05,,0.05,1.2,,,,,,,,,,,,,graphics/icons/hullsys/interdictor_array.png
Mine Reactivator,sotf_emplmines,,,,,,0,,,,0.25,,0.25,4,,,,,,,,,,,,,graphics/icons/hullsys/interdictor_array.png
