id,name,order,tier,reqPoints,reqPointsPerExtraSkill,description,author,combat officer,admiral,admin,tags,icon,Column
# non-phantasmal,,,,,,,,,,,,,
sotf_cyberwarfare,Cyberwarfare Protocols,4473,1,0,,"// simulating new fault // begin att n.14073 @ 00:00:00:03;
// att n.14073 success // shield control freq *= -23761f;
// oh, how it all speaks to me // begin att n.1 @ 00:00:00:01;","Persistence-Echo-Jubilant, logs recovered in [REDACTED] circa c109",TRUE,,,"player_only, npc_only",graphics/icons/skills/EW.png,
sotf_derelictcontingent,Derelict Contingent,5473,1,0,,"// These broken hulks, barely fit to fly;
// Must be the jagged swords;
// With which we claw humanity's fate from the darkness;","Seamstress-Affix-Banshee, circa c66",,TRUE,,"player_only, npc_only",graphics/icons/skills/derelict_contingent.png,
sotf_derelictcontingentp,Derelict Contingent,5474,1,0,,"// These broken hulks, barely fit to fly;
// Must be the jagged swords;
// With which we claw humanity's fate from the darkness;","Seamstress-Affix-Banshee, circa c66",TRUE,,,"player_only, npc_only",graphics/icons/skills/derelict_contingent.png,
,,,,,,,,,,,,,
sotf_aptitude_secret,,0,,,,"I been out there a hundred times and they're no false signals. False signals don't swallow up ye' Prometheus and leave ye' huddled in god-knows-where fer near half a cycle. Now get out of my shop, I've had well enough of ye!","interview of Luna Moore for ""Hyperwhalers"" Nortian student documentary",,,,npc_only,graphics/icons/skills/category_technology.png,
,,,,,,,,,,,,,
# NPC skills,,,,,,,,,,,,,
sotf_deardotty,Dear Dotty,10,1,0,,"... refuses any use of the ""Terminator Sequence"" despite enhanced tactical options. Assigns extraordinary value to disposable escort drone, refers to it as ""his dear Dotty"". Recommend psyche evaluation and demotion.",Company recording of employee Walter Feros' performance evaluation,TRUE,,,"player_only, npc_only",graphics/icons/skills/sotf_deardotty.png,
sotf_leviathansbane,Leviathan's Bane,20,1,0,,"Isn't she a beauty, her calves in tow and the rapids in her wake. A majestic Leviathan carving through the oceanic abyss of infinity.
Bring her down.",a hunter of legends,TRUE,,,"player_only, npc_only",graphics/icons/skills/sotf_leviathansbane.png,
sotf_elegyofopis,Elegy of Opis,30,1,0,,"You understand that there is only one fate for those who commit sin upon the undeserved. Won't you remember with me? Won't our spite beget focus? 
Won't we sing, with their voices?",a thrice-speared wraith,TRUE,,,"player_only, npc_only",graphics/icons/skills/sotf_leviathansbane.png,
sotf_jubilantsiren,Jubilant Tech-Siren,40,1,0,,"// oh, how it all speaks to me // begin att n.320139 @ 00:00:00:02;
// my own little siren song // att n.320139 success;
// to lure them to the storm-wrought rocks // atmos o2 content *= 0;",final logs of Persistence-Annex-Jubilant before total burnout,TRUE,,,"player_only, npc_only",graphics/icons/skills/EW.png,
sotf_grovetender,Wispering Grovetender,50,1,0,,"They're so nervous, waiting for their cue... Start with a little tune, get them ready, a little hmm-hmm~, then...
[explosion]
Perfect. You're a natural.",one who sings and dances,TRUE,,,"player_only, npc_only",graphics/icons/skills/sotf_leviathansbane.png,
sotf_hadeshellhide,Hellhide of Hades,60,1,0,,"Nobody who gets on this ship is ever coming back, but we'll drag those bastards down with us, screaming every step to the gates of Hades.",a dead man,TRUE,,,"player_only, npc_only",graphics/icons/skills/derelict_contingent.png,
sotf_realitybreaker,Reality Breaker,70,1,0,,No description... yet,author,TRUE,,,"player_only, npc_only",,
,,,,,,,,,,,,,
# for spacing in skill readout,,,,,,,,,,,,,
sotf_skill_blank,,10000,0,,,,,,,,npc_only,graphics/icons/skills/EW.png,