name,id,flux/second,f/s (base rate),f/s (base cap),flux/use,f/u (base rate),f/u (base cap),cr/u,max uses,regen,charge up,active,down,cooldown,toggle,noDissipation,noHardDissipation,hardFlux,noFiring,noTurning,noStrafing,noAccel,noShield,noVent,isPhaseCloak,tags,icon
Power Reroute,ae_powerredirect,,,0.035,,,,,,,1,,1,0,TRUE,,TRUE,TRUE,,,,,,TRUE,,,graphics/icons/hullsys/fortress_shield.png
Courier Drive,ae_courierdrive,1,,,,,,,2,0.06,1,5,1,0,,,,,TRUE,TRUE,TRUE,TRUE,TRUE,TRUE,,,graphics/icons/hullsys/burn_drive.png
Energised Charge,ae_energisedcharge,100,,,,,,,2,0.05,1,3,1,0,,,,,,,TRUE,TRUE,TRUE,TRUE,,,graphics/icons/hullsys/burn_drive.png
Swarm Flare Launcher,ae_flareswarm,,,,,,,,2,0.05,,,,5,,,,,,,,,,,,,graphics/icons/hullsys/flare_launcher.png
Wasp Escorts,ae_overlord,,,,,,,,2,0.1,0,,0,0,,,,,,,,,,,,,graphics/icons/hullsys/drone_pd_high.png
Mimicry,ae_mimicry,,,,,,,,6,0.1,0,,0,0,,,,,,,,,,,,,graphics/icons/hullsys/drone_pd_high.png
Courier Jets,ae_courierjets,1,,,,,,,,,1,5,1,5,,,,,,,,,,,,,graphics/icons/hullsys/maneuvering_jets.png
Auxiliary Jets,ae_auxiliaryjets,,,,,,,,,,1,5,1,10,,,,,,,,,,,,,graphics/icons/hullsys/maneuvering_jets.png
Sympathetic Subsystems,ae_sympatheticsystems,,,0.035,,,,,,,0.5,,0.5,0,TRUE,,,,,,,,,TRUE,,,graphics/icons/hullsys/fortress_shield.png
Sympathetic Subsystems,ae_sympatheticsystemssmall,,,0.035,,,,,,,0.5,,0.5,0,TRUE,,,,,,,,,TRUE,,,graphics/icons/hullsys/fortress_shield.png
AI Override,ae_fighteraioverride,,,,,,0.5,,,,0.5,15,0.5,10,,,,,,,,,,,,,graphics/icons/hullsys/targeting_feed.png
Flicker Escort,ae_flickerescort,,,,,,,,1,0.1,0,,0,0,,,,,,,,,,,,,graphics/icons/hullsys/drone_pd_high.png
Evasive Maneuver,ae_evasivemaneuver,,,,,,,,,,0.1,2,0.1,3,,,,,TRUE,,,,TRUE,TRUE,,,graphics/icons/hullsys/phase_cloak.png
EMP Emitter (Fighter),ae_emp_fighter,,,,,,0.2,,,,0.3,4,0.3,6.5,,,,,TRUE,,,,TRUE,,,,graphics/icons/hullsys/emp_emitter.png
Projection,ae_projection,,,,,,,,,,2,0,0.5,8,,,,,,,,,,,,,graphics/icons/hullsys/displacer.png
Anomalous Shift,ae_anomalousshift,,,,,,,,2,0.08,0.2,3,0.2,0.75,,,TRUE,TRUE,TRUE,,,,,,,restricted,graphics/icons/hullsys/phase_cloak.png
Interdimensional Entry,ae_vow_traveldrive,1,,,,,,,,,0.2,,0.2,2,TRUE,,,,TRUE,TRUE,TRUE,TRUE,TRUE,,,,graphics/icons/hullsys/phase_cloak.png
Flare Launcher,ae_flarelauncher_am_fighter,,,,,,,,,,,,,5,,,,,,,,,,,,,graphics/icons/hullsys/flare_launcher.png
Plasma Burn (Single),ae_microburn_single,1,,,,,,,,,0.5,0.5,0.5,10,,,,,,,TRUE,TRUE,,,,,graphics/icons/hullsys/burn_drive.png
Phase Skimmer,ae_dreamskimmer,,,,,,,,3,0.1,0.25,,0.25,0,,TRUE,,TRUE,,,,,,,,,graphics/icons/hullsys/displacer.png
