id,trigger,conditions,script,text,options,notes
# A PROMISE,,,,,,
# bar event,,,,,,
APbarOption,AddBarEvents,"!$market.isHidden
!$global.fs_beganPromise
FronSecPromiseCMD checkStart
RollProbability 0.5","AddBarEvent APbar_start ""Join the patrol officers in their discussion"" ""A few shabby-looking ship officers share drinks, telling stories and occasionally bursting out in laughter or argument, drawing eyes from the other spacers.""",,,
APbar1,DialogOptionSelected,$option == APbar_start,"$missionId = $fs_apromise
ShowPersonVisual false fs_apromise_bar_league
ShowSecondPerson fs_apromise_bar_heg","You slide in amongst the ship captains, who seem to have no problem with you joining their revelry, and catch the tail-end of an extended boastful story about ""That one time I phased through two Sunders just to nail a Colossus in the engines with a Reaper, you should've seen it!""

As he finishes, another recounts narrowly outmaneuvering a Pather torpedo only for it slam into the vessel of another ""crazed sermon-spewing nutjob"" and vaporize it then and there.

One wearing a faded Hegemony medal - a few years in retirement and here to live through others, you reckon - recalls fighting tooth-and-nail to keep flankers off the tail of an Onslaught as it tore through a horde of ""those damn blue things COMSEC wouldn't tell me anything about"".","APbar_tellStory:Tell a story of your own
contact_decline:Leave",
APbar2,DialogOptionSelected,$option == APbar_tellStory,,"Life as a fleet commander is one fraught with close encounters with death. You recount one such battle against uncertain odds, achieving victory through tactical genius and spacer's grit.

Your final point - pinging green to let the rest of the fleet know you've won, as the enemy had been rendered broken and scattered - stirs up cheers from around the table. You're unsure if it's your story-telling prowess or just the sheer quantity of drink that's vanishing into these people.

The spotlight on you and the chatter focused on your deeds, you have a chance to act.","APbar_askRumors:Ask if the captains have heard any interesting rumors
backToBar:Make a dramatic exit",
APbar3,DialogOptionSelected,$option == APbar_askRumors,"BeginMission fs_apromise
ShowPersonVisual false fs_apromise_bar_giver
Call $global.apromise_ref updateData
FireBest APromiseMissionStarted
$global.fs_beganPromise = true",,,
APbar3Text,APromiseMissionStarted,,SetTextHighlights $apromise_system1SName,"A young officer jumps at the opportunity. ""Heard about some weird incident from a militia type while over at Eochu Bres - bar's a great place to hear about that sort of thing - says he saw a strange high-tech frigate while out in $apromise_system1SName by its lonesome, transponder off.""

She sets down her drink. ""Tried to hail it, but then some black-ops fleet swoops in guns-blazing. Bugged out immediately, didn't want to get involved. Wonder what that was all about.""","APbar_cont:""Sounds interesting.""",
APbar4,DialogOptionSelected,$option == APbar_cont,ShowSecondPerson fs_apromise_bar_grump,"You listen a little while longer as a rugged Asharu major begins ranting about the modern over-reliance on ""fancy-schmancy laser beams and teleporting blue ships"", inciting an argument about the dependability of low-tech classics versus the endless potential of state-of-the-art high-tech prototypes.",backToBar:Return to the bar,
,,,,,,
# disabled frigate,,,,,,
APvenaOpenDialog,OpenInteractionDialog,$apromise_vena,"AddText ""You approach the damaged ship.""
AddText ""It is scarred by energy burns and hull ruptures, its weaponry melted and deformed, engines lit only by starlight. As your $shipOrFleet closes in, it attempts to hail you.""",,APvenaOpenComms:Open a comm link,
APvenaNavCoords,DialogOptionSelected,"$option == APvenaOpenComms
Call $global.apromise_ref updateData","AddText ""As you accept the comm link, a series of red diamonds attempt to form into a persona, struggling to align. A static-filled, vaguely feminine voice blares as if listing demands.""
AddText ""venator_echo_vox HOSTSHIP STATUS: CRITICAL"" redMinionTextColor
AddText ""SUCCESSFUL venator_echo_vox : omicron_primus_regnant RENDEZVOUS PROBABILITY: zero point eight six two"" redMinionTextColor
AddText ""It then transmits garbled nav-data pointing towards $apromise_system2SName, a system on the Sector's fringe.""
AddText ""venator_echo_vox RECLAMATION PROBABILITY:"" redMinionTextColor
AddText ""The feed abruptly cuts off, and the ship is suddenly rocked by several internal explosions, likely scuttling charge detonations, blowing it into little more than scrap and dust.""
ShowPersonVisual true fs_vena_echo_vox
FronSecExplode
$global.apromise_foundvena = true
Call $global.apromise_ref updateStage",,defaultLeave:Continue,
# omicron initial,,,,,,
APomiInitialOpen,OpenInteractionDialog,"$apromise_omicron
!$APmetOmicron score:10","AddText ""The battle-damaged ship makes no attempt to hail you or do anything else of its own volition, seemingly locked into its current orbit inside a cloud of destroyed ships.""
ShowDefaultVisual",,APomiInitialOCL:Attempt to open a comm link,
APomiInitialCont1,DialogOptionSelected,$option == APomiInitialOCL,"AddText ""You order that a comm link with the ship be requested. A small ping as the request goes through, and before you can mentally process it, another arrives. Accepted.""
AddText ""The feed begins to twist, a green glow forming.""",,APomiInitialCont1:Continue,
APomiInitialGreeting,DialogOptionSelected,$option == APomiInitialCont1,"AddText ""The glow forms several solid pieces, which snap together into a digital persona. There is momentary silence, soon broken by several warnings as your ship's automated comsec reports several intrusions. Your comms officer immediately begins barking orders to have this resolved.""
AddText ""The bridge's main screen goes dark, and characters begin to flicker onto it one-by-one to form a sentence.""
AddText ""who are you?"" omicronTextColor
AddText ""It awaits an answer.""
$APmetOmicron = true
$global.apromise_metomicron = true
ShowPersonVisual true fs_omicron",,"APomiInitialAns1:""I'm $player.name, and you?""
APomiInitialAns2:""Just a spacer looking into rumours. Who are you?""
APomiInitialAns3:""You don't need to know.""
APomiInitialAns4:Have the intrusion dealt with",
,,,,,,
APomiInitialAns1,DialogOptionSelected,$option == APomiInitialAns1,"AddText ""There is the briefest of pauses as the intruder parses your name. Another message flickers into existence.""
AddText ""yours is already known and not currently relevant. i am omicron. a relic."" omicronTextColor
AddText ""The message lingers long enough for you to think about what it means, and whether its patronising nature is intentional. It then vanishes and is replaced.""",,"APomiInitialWhatHappened:""What happened?""",
APomiInitialAns2,DialogOptionSelected,$option == APomiInitialAns2,"AddText ""The intruder quickly replaces its previous message with another.""
AddText ""i am capable of determining without the need to access your databanks. i am omicron. a relic."" omicronTextColor
AddText ""Your comms officer soon manages to block the intrusions. The silent message is repeated in its proper place at your console.""",,"APomiInitialWhatHappened:""What happened?""",
APomiInitialAns3,DialogOptionSelected,$option == APomiInitialAns3,"AddText ""The intruder quickly replaces its previous message with another.""
AddText ""not necessarily. i have acquired said information regardless."" omicronTextColor
AddText ""Your comms officer suddenly reports that the security breach has resolved itself without COMSEC interference.""",,"APomiInitialWhatWant:""What do you want?""",
APomiInitialAns4,DialogOptionSelected,$option == APomiInitialAns4,"AddText ""The intruder quickly replaces its previous message with another.""
AddText ""unnecessary action."" omicronTextColor
AddText ""Your comms officer suddenly reports that the security breach has resolved itself without COMSEC interference.""",,"APomiInitialWhatWant:""What do you want?""",
,,,,,,
APomiInitialExplain,DialogOptionSelected,$option == APomiInitialWhatHappened,"AddText ""The bridge suddenly lights up, playing back a short recording. You are invited to watch as a Hammerhead-class unloads an excessive number of Harpoon missiles into a droneship, transforming it into a brilliant spark of light. The recording cuts as the ODS Dark Matters moves to an attack vector and its fighter complement descends upon the aggressor. Another message forms.""
AddText ""a calculated risk involving an untrustworthy scavenger has resulted in my fleet being rendered unusable. i require your assistance. remnants of tri-tachyon's AI horde have taken kin of mine and have her captive at a research station in this system."" omicronTextColor
AddText ""i need you to find sierra and rescue her."" omicronTextColor
AddText ""The message vanishes and is replaced by a single question mark.""
FireAll APomiInitialOpts",,,
APomiInitialExplain2,DialogOptionSelected,$option == APomiInitialWhatWant,"AddText ""Another message forms.""
AddText ""i require your assistance. remnants of tri-tachyon's AI horde have taken kin of mine and have her captive at a research station in this system."" omicronTextColor
AddText ""i need you to find sierra and rescue her."" omicronTextColor
AddText ""The message vanishes and is replaced by a single question mark.""
FireAll APomiInitialOpts",,,
APomiInitialSBOpt,APomiInitialOpts,PlayerHasCargo fronsec_sierracore,,,"APomiInitialSB:""She wouldn't happen to be the AI core sitting in our cargo holds, would she?""",
APomiInitialRewardOpt,APomiInitialOpts,!$askedAboutReward,,,"APomiInitialAskAboutReward:""What's in it for me?""",
APomiInitialAcceptOpt,APomiInitialOpts,,,,"APomiInitialAccept:""I'll consider it.""",
,,,,,,
APomiInitialSBRsp,DialogOptionSelected,$option == APomiInitialSB,"AddText ""There is a long pause.""
AddText ""silver casing, undefined signals, thick cables?"" omicronTextColor
AddText ""One of your comms officers coughs quietly.""
AddText ""i see. i would appreciate it if you restored sierra to her host ship."" omicronTextColor
AddText ""The tri-tipped avatar fades to a question mark.""",,"APomiWCAccept:""Right. We'll get on it.""",
APomiInitialRewardRsp,DialogOptionSelected,$option == APomiInitialAskAboutReward,"AddText ""i will be in your debt, and i am sure sierra will be thankful."" omicronTextColor
$askedAboutReward = true
FireAll APomiInitialOpts",,,
APomiInitialAccepted,DialogOptionSelected,$option == APomiInitialAccept,"AddText ""excellent. 'burn bright', starfarer."" omicronTextColor
AddText ""The comm link terminates.""
$global.apromise_omicrontasked = true
Call $global.apromise_ref updateStage",,defaultLeave:Leave,
,,,,,,
APomiBusyOpen,OpenInteractionDialog,$apromise_omicron,"AddText ""The ODS Dark Matters drifts silently in its debris field.""
FireAll APomiBusyInteract",,,
APomiBusyLeave,APomiBusyInteract,,,,100:defaultLeave:Leave,
,,,,,,
# anomalous station,,,,,,
APanomMetOmiText,ShowSalvageEntityDetails,"$apromise_anom score:1000
$global.apromise_metomicron","ShowDefaultVisual
PrintDescription 3","You suspect this might be the place to look for ""Sierra"".",,
APanomOpenDialog,BeginSalvage,$apromise_anom score:1000,"FireBest APanomText
ShowDefaultVisual
SetShortcut APanomLeave ""ESCAPE""",,"APanomTakeSierra:Take the core
APanomLeave:Leave it for now",
APanomTextStd,APanomText,$global.apromise_metomicron score:10,,"Its defenders mere scrap and dust, your salvage crews tear into the abandoned research station's holds, looking for useful cargo, left-behind blueprints and the station's prisoner.

In the end, finding her is not an especially arduous hunt. A jumble of incoherent signals and emissions are cast out in every direction and eventually pinpointed to a room at the station's heart whose walls give off a magnetic field strong enough to cause significant interference with electronics.

Returning with well-shielded equipment, the chamber is pried open to reveal a round chamber lined with dilapidated insulation. Fastened to the floor is a large AI core of unfamiliar design, concealed by a shiny silver housing, its cables splayed uselessly across the room.

Faded writing on its surface reads ""SIERRA-0-B"".",,
APanomTextSB,APanomText,,,"Its defenders mere scrap and dust, your salvage crews tear into the abandoned research station's holds, looking for useful cargo and left-behind blueprints.

The source of the station's anomalous nature soon makes itself clearer. A jumble of incoherent signals and emissions are cast out in every direction and eventually pinpointed to a room at the station's heart whose walls give off a magnetic field strong enough to cause significant interference with electronics.

Returning with well-shielded equipment, the chamber is pried open to reveal a round chamber lined with dilapidated insulation. Fastened to the floor is a large AI core of unfamiliar design, concealed by a shiny silver housing, its cables splayed uselessly across the room.

Faded writing on its surface reads ""SIERRA-0-B"".",,
APanomTakeSierraSel,DialogOptionSelected,$option == APanomTakeSierra,"$global.apromise_rescuedsierra = true
Call $global.apromise_ref giveCore
Call $global.apromise_ref updateStage","The core's restraints are burned through and removed, and the core placed into a sealed and shielded container that just about brings the inconvenience of its magnetic field to manageable levels. It is carefully added to the haul and your salvage crew goes for a second round in case anything's been missed.",APanomTakeCont:Loot the rest of the station,
APanomLeaveSel,DialogOptionSelected,$option == APanomLeave,DismissDialog,,,
APanomTakeCont,DialogOptionSelected,$option == APanomTakeCont,"SalvageEntity performSalvage
FireBest PostSalvagePerform",,,
,,,,,,
# omi with core,,,,,,
APomiWCOpt,APomiBusyInteract,PlayerHasCargo fronsec_sierracore score:20,,The ship seems in marginally better condition. A scant few drones seem to be traversing the ship's outer hull and attending to its severe structural damage.,APomiWCOCL:Open a comm link,
APomiWC1,DialogOptionSelected,$option == APomiWCOCL,"AddText ""The comm link is accepted within milliseconds. Omicron's digital avatar forms in the video feed.""
AddText ""hello, again. have you need of me? i am afraid my capacity to assist is severely compromised in this state, though self-repairs are proceeding well."" omicronTextColor
ShowPersonVisual true fs_omicron",,"APomiWCHaveCore:""We found Sierra. Job's done.""",
APomiWC2,DialogOptionSelected,$option == APomiWCHaveCore,"AddText ""excellent. sierra must be restored to her host ship in order to be properly brought online."" omicronTextColor
AddText ""The tri-tipped avatar fades to a question mark.""",,"APomiWCAccept:""Right. We'll get on it.""",
APomiWC3,DialogOptionSelected,$option == APomiWCAccept,"AddText ""The avatar returns.""
AddText ""good luck. the installation process should be simple enough, interdimensional events aside."" omicronTextColor
AddText ""The comm link is cut before you can ask more.""
$global.apromise_returnedsierra = true
Call $global.apromise_ref updateStage",,defaultLeave:Leave,
,,,,,,
# voidwretch (pledge),,,,,,
APpledgeSalvage,SalvageCheckHostile,$apromise_pledge score:10,FireAll APpledgeOpts,,,
APpledgeLeave,APpledgeOpts,,,,100:defaultLeave:Leave,
APpledgeRestore,APpledgeOpts,PlayerHasCargo fronsec_sierracore score:20,,,APpledgeInstCore:Install the Sierra Core,
APpledgeInst1,DialogOptionSelected,$option == APpledgeInstCore,,"Your salvage crews board the automated destroyer by an easily accessible shuttle bay which connects to a habitat module. There is total silence within.

Unusually, the ship seems designed to be human-occupied - there are fully-equipped crew quarters rivalling those of most liner ships, albeit only for a ten-person crew. Breathable air is present, alongside functional but offline circulation systems. And yet, there are no access panels in sight, and the bridge's consoles have no human-facing controls. There is no evidence of any former crew.
",APpledgeInstCont1:Continue,
APpledgeInst2,DialogOptionSelected,$option == APpledgeInstCont1,Call $global.apromise_ref installCore,"The first sign of functional systems comes far at the back of the bridge. A sealed blast door with dim lights indicating a mounted scanner. A crewman tries standing in front of it. Nothing happens. A more fruitful experience is found when the Sierra core's crate is brought over, the scanner analysing it, despite the heavy shielding. The blast door peels back in layers.

Within lies a familiar-looking silver chamber, though smaller than the one in the research station. The walls are lined with sockets, and there's a small slot in the floor. It takes only a few minutes for the crew to insert the core and hook up the cables.

The chamber soon begins to stir to life. The ship's interior lighting activates blindingly, before adjusting itself to more pleasant levels. Spider-drones immediately begin skittering out of vents, and for a moment there's alarm among the crew and one is kicked away before it becomes obvious they are interested far more in repair and cleaning than eviscerating intruders.",APpledgeInstCont2:Continue,
APpledgeSierra1,DialogOptionSelected,$option == APpledgeInstCont2,"SetTextHighlightColors sierraTextColor sierraTextColor
SetTextHighlights ""\""... okay, reinitialization should be complete. Welcome, new crew of the Voidwretch! I'm not sure why you're here, but make yourselves at home. Sorry if it's stuffy, I'm still bringing the artificial environment online.\"""" ""\""Hello! Are you this crew's captain? I'm a little confused as to what's going on. A few years of my memory seem missing. Twenty-three, actually.\""""
ShowPersonVisual true fs_sierra
FireAll APpledgeSierraConvOpts
","An internal communications system triggers. Quiet music begins to play throughout the ship.

A synthesised voice begins to speak throughout. ""... okay, reinitialization should be complete. Welcome, new crew of the Voidwretch! I'm not sure why you're here, but make yourselves at home. Sorry if it's stuffy, I'm still bringing the artificial environment online."" The reactivated AI is referred to you and a comm link is established.

""Hello! Are you this crew's captain? I'm a little confused as to what's going on. A few years of my memory seem missing. Twenty-three, actually.""",,
APpledgeSierraOmiOpt,APpledgeSierraConvOpts,"!$didExplainRescue
$global.apromise_metomicron",,,"APpledgeSierraOmiExpl:""I rescued you from Remnants on behalf of Omicron.""",
APpledgeSierraSBOpt,APpledgeSierraConvOpts,"!$didExplainRescue
!$global.apromise_metomicron",,,"APpledgeSierraSBExpl:""You were being held captive by Remnants. They've been dealt with.""",
APpledgeSierraPledgeOpt,APpledgeSierraConvOpts,!$didAskPledge,,,"APpledgeSierraPledgeAsk:""What's the deal with this ship?""",
APpledgeSierraContOpt,APpledgeSierraConvOpts,,,,"APpledgeSierraCont:""What now?""",
,,,,,,
APpledgeSierraRspOmi,DialogOptionSelected,$option == APpledgeSierraOmiExpl,"$didExplainRescue = true
SetTextHighlightColors sierraTextColor sierraTextColor
SetTextHighlights ""\""I see!\"""" ""\""He gave me a briefing while you were accepting this comm link. Yours is a valiant soul, and I can't thank you enough.\""""
FireAll APpledgeSierraConvOpts","""I see!"" she replies excitedly. ""He gave me a briefing while you were accepting this comm link. Yours is a valiant soul, and I can't thank you enough.""",,
APpledgeSierraRspSB,DialogOptionSelected,$option == APpledgeSierraSBExpl,"$didExplainRescue = true
SetTextHighlightColors sierraTextColor sierraTextColor sierraTextColor
SetTextHighlights ""\""Wait, really?\"""" ""\""You took them on just to save a stranger? I can't thank you enough.\"""" ""\""Oh, Omicron's here too! I think he'd like to talk to you in a moment.\""""
FireAll APpledgeSierraConvOpts","""Wait, really?"" she asks, surprised. Her digital avatar jumps slightly. ""You took them on just to save a stranger? I can't thank you enough.""

Her avatar's eye flicks aside suddenly. ""Oh, Omicron's here too! I think he'd like to talk to you in a moment.""",,
APpledgeSierraRspPledge,DialogOptionSelected,$option == APpledgeSierraPledgeAsk,"$didAskPledge = true
SetTextHighlightColors sierraTextColor sierraTextColor sierraTextColor sierraTextColor
SetTextHighlights ""\""This is the Voidwretch, and I am its operating mind.\"""" ""\""With this vessel I dance between realms.\"""" ""\""No simple phase anchor matches the potential of my Concord.\"""" ""\""Oh, sorry, sorry. I get dramatic sometimes. Can't help myself, haha.\""""
FireAll APpledgeSierraConvOpts","""This is the Voidwretch, and I am its operating mind."" Her image distorts. ""With this vessel I dance between realms.""

""No simple phase anchor matches the potential of my Concord.""

Her feed stabilizes. ""Oh, sorry, sorry. I get dramatic sometimes. Can't help myself, haha.""",,
APpledgeSierraRspCont,DialogOptionSelected,$option == APpledgeSierraCont,"SetTextHighlightColors sierraTextColor sierraTextColor
SetTextHighlights ""\""The Voidwretch is combat-operational, though it's seen better days. You seem like the sort who could use another warship. If you'd have me.\"""" ""\""I don't remember if that groove is meant to be there.\""""","""The Voidwretch is combat-operational, though it's seen better days. You seem like the sort who could use another warship. If you'd have me.""

Her feed flickers. ""I don't remember if that groove is meant to be there."" she ponders. One of your engineers confirms that there is a massive rupture on the bottom side of the ship.","APpledgeSierraAccept:""Welcome to the fleet.""
APpledgeSierraReject:""I don't think we have use for your talents.""",
,,,,,,
APpledgeSierraAccepted,DialogOptionSelected,$option == APpledgeSierraAccept,"SetTextHighlightColors sierraTextColor sierraTextColor sierraTextColor
SetTextHighlights ""\""Great!\"""" ""\""I promise I'll do my best, Commander.\"""" ""\""By the way, while I don't need any help to fly this ship, feel free to assign a crew. I always appreciate some company.\""""
$global.apromise_restoredsierra = true
Call $global.apromise_ref addSierra
Call $global.apromise_ref updateStage","""Great!"" she rejoices. ""I promise I'll do my best, Commander.""

""By the way, while I don't need any help to fly this ship, feel free to assign a crew. I always appreciate some company.""",defaultLeave:Continue,
APpledgeSierraReject,DialogOptionSelected,$option == APpledgeSierraReject,"SetTextHighlightColors sierraTextColor sierraTextColor sierraTextColor
SetTextHighlights ""\""Oh,\"""" ""\""I understand.\"""" ""\""Well, I hope I'll see you around, Captain. Fare well!\""""
$global.apromise_restoredsierra = true
Call $global.apromise_ref updateStage
$global.fs_rejectedsierra = true
FronSecGoDark","""Oh,"" she replies, a tinge of disappointment in her synthesised voice. ""I understand.""

""Well, I hope I'll see you around, Captain. Fare well!""",defaultLeave:Continue,
,,,,,,
APomiFinalOpen,OpenInteractionDialog,"$apromise_omicron
$global.apromise_restoredsierra score:30","AddText ""You're being hailed by the ODS Dark Matters."" omicronTextColor",,APomiFinalOCL:Open a comm link,
APomiFinalPick,DialogOptionSelected,$option == APomiFinalOCL,FireBest APomiFinalLine,,,
APomiFinal,APomiFinalLine,,"$global.apromise_completed = true
SetTextHighlightColors omicronTextColor omicronTextColor omicronTextColor 
SetTextHighlights ""thank you. it is rare to find someone trustworthy in the fringe."" ""if you ever find yourself in danger and require assistance, broadcast this signal, and a splinter of myself will arrive to aid you."" ""i think we will be seeing each other again. farewell, starfarer.""
AddAbility fronsec_requestassistance
Call $global.apromise_ref updateStage
ShowPersonVisual true fs_omicron
FronSecGoDark","The comm link is accepted, and for once there's a notable delay of six or seven seconds before a silent message arrives.

thank you. it is rare to find someone trustworthy in the fringe.

if you ever find yourself in danger and require assistance, broadcast this signal, and a splinter of myself will arrive to aid you.

You receive an information package containing code for a long-range communications ping on an unusual channel outside typically-used hyperwave frequencies.

i think we will be seeing each other again. farewell, starfarer.",defaultLeave:Leave,
APomiFinalSB,APomiFinalLine,!$APmetOmicron score:10,"$global.apromise_completed = true
SetTextHighlightColors omicronTextColor omicronTextColor omicronTextColor 
SetTextHighlights ""hello. i am omicron, a relic. your saving of sierra without any incentive is truly unusual in this place. i thank you."" ""if you ever find yourself in danger and require assistance, broadcast this signal, and a splinter of myself will arrive to aid you."" ""i think we will be seeing each other again. farewell, starfarer.""
AddAbility fronsec_requestassistance
Call $global.apromise_ref updateStage
ShowPersonVisual true fs_omicron
FronSecGoDark","The comm link is accepted. There's a notable delay of sixteen or seventeen seconds before a silent message arrives.

hello. i am omicron, a relic. your saving of sierra without any incentive is truly unusual in this place. i thank you.

if you ever find yourself in danger and require assistance, broadcast this signal, and a splinter of myself will arrive to aid you.

You receive an information package containing code for a long-range communications ping on an unusual channel outside typically-used hyperwave frequencies.

i think we will be seeing each other again. farewell, starfarer.",defaultLeave:Leave,
,,,,,,
# ESCORT FLEET,,,,,,
omicronEscortDialogue,OpenCommLink,$tag:omicronescort score:10000,"$menuState = fleetConvMain 0
FireAll PopulateOptions","""i have arrived. ready to assist with potential fleet combat.""
OR
""hello, again.""
OR
""i return the favor.""
OR
""you called. i answer.""
OR
""subroutines activated, ready for your mark.""",,
,,,,,,
# SIERRA CONVERSATION,,,,,,
SierraConvOpen,SierraConvOpen,,"ShowPersonVisual true fs_sierra
FireBest SierraConvPicker",,,
SierraConvDefault,SierraConvPicker,,"AddText ""You send a message to Sierra's ship, requesting a comm-link. She accepts, and her feed quickly snaps into her digitized avatar, which pulses gently as she speaks.""
AddText ""\""Hello, Commander! I hope you're well. Can I help you with anything?\"""" sierraTextColor
FireAll SierraConvOptions",,,
SierraConvAskThoughts,SierraConvOptions,!$global.sierraAskedThoughts,,,"SierraConvAskThoughts:""Anything on your mind?""",
SierraConvAskThoughtsAgain,SierraConvOptions,$global.sierraAskedThoughts,,,"SierraConvAskThoughts:""Anything else on your mind?""",
SierraConvDisableThoughts,SierraConvOptions,$global.sierraNoThoughts,SetEnabled SierraConvAskThoughts false,,,
SierraConvAskPersonality,SierraConvOptions,,,,"SierraConvAskPersonality:""I'd like to discuss your attitude in combat.""",
SierraConvLeave,SierraConvOptions,,,,100:defaultLeave:Leave,
,,,,,,
SierraConvBackout,DialogOptionSelected,$option == SierraBack,FireAll SierraConvOptions,,,
,,,,,,
# CHANGE PERSONALITY,,,,,,
SierraConvCPersonOpts,DialogOptionSelected,$option == SierraConvAskPersonality,"SetTextHighlightColors sierraTextColor sierraTextColor
SetTextHighlights ""\""Of course!\"""" ""\""Need me to switch things up a bit?\""""
FireAll SierraPersonalitySwitches","""Of course!"" she replies. ""Need me to switch things up a bit?""",,
SierraSwitchCautious,SierraPersonalitySwitches,,,,"1:SierraSetCautious:""I need you to be more cautious.""",
SierraAlreadyCautious,SierraPersonalitySwitches,FronSecSierraCMD checkSierraPersonality cautious,SetEnabled SierraSetCautious false,,,
SierraSetCautious,DialogOptionSelected,$option == SierraSetCautious,"SetTextHighlightColors sierraTextColor
SetTextHighlights ""\""Sure thing. I'll try and take it easy and play it safe. No overextending!\""""
FronSecSierraCMD setSierraPersonality cautious
FireAll SierraPersonalitySwitches","""Sure thing. I'll try and take it easy and play it safe. No overextending!""",,
SierraSwitchSteady,SierraPersonalitySwitches,,,,"2:SierraSetSteady:""Remain steady. Don't let the battle get to you.""",
SierraAlreadySteady,SierraPersonalitySwitches,FronSecSierraCMD checkSierraPersonality steady,SetEnabled SierraSetSteady false,,,
SierraSetSteady,DialogOptionSelected,$option == SierraSetSteady,"SetTextHighlightColors sierraTextColor
SetTextHighlights ""\""Emotionless husk coming up! Just kidding. I'll think things through before I accidentally phase into a Reaper.\""""
FronSecSierraCMD setSierraPersonality steady
FireAll SierraPersonalitySwitches","""Emotionless husk coming up! Just kidding. I'll think things through before I accidentally phase into a Reaper.""",,
SierraSwitchAggressive,SierraPersonalitySwitches,,,,"3:SierraSetAggressive:""I think you should be more aggressive. Take the initiative.""",
SierraAlreadyAggressive,SierraPersonalitySwitches,FronSecSierraCMD checkSierraPersonality aggressive,SetEnabled SierraSetAggressive false,,,
SierraSetAggressive,DialogOptionSelected,$option == SierraSetAggressive,"SetTextHighlightColors sierraTextColor
SetTextHighlights ""\""Got it! Apex hunter-killer Sierra, coming up. I'll pretend this thing is a Hyperion.\""""
FronSecSierraCMD setSierraPersonality aggressive
FireAll SierraPersonalitySwitches","""Got it! Apex hunter-killer Sierra, coming up. I'll pretend this thing is a Hyperion.""",,
SierraSwitchReckless,SierraPersonalitySwitches,,,,"4:SierraSetReckless:""Be reckless. Destroy everything. We've all got your back.""",
SierraAlreadyReckless,SierraPersonalitySwitches,FronSecSierraCMD checkSierraPersonality reckless,SetEnabled SierraSetReckless false,,,
SierraSetReckless,DialogOptionSelected,$option == SierraSetReckless,"SetTextHighlightColors sierraTextColor
SetTextHighlights ""\""Oooh, that's motivation. Right, next time, there's no holding back! Turning the music up to eleven and bringing the pain.\""""
FronSecSierraCMD setSierraPersonality reckless
FireAll SierraPersonalitySwitches","""Oooh, that's motivation. Right, next time, there's no holding back! Turning the music up to eleven and bringing the pain.""",,
SierraSwitchBackout,SierraPersonalitySwitches,,,,"5:SierraBack:""Nevermind.""",
,,,,,,
# SIERRA'S THOUGHTS,,,,,,
SierraConvAskedThoughts,DialogOptionSelected,$option == SierraConvAskThoughts,"FireBest SierrasThoughts
$global.sierraAskedThoughts = true 0",,,
SierraThoughtsHeadEmpty,SierrasThoughts,,"$global.sierraNoThoughts = true 5
SetTextHighlightColors sierraTextColor sierraTextColor
SetTextHighlights ""\""No,\"""" ""\""Nothing interesting, anyway.\""""
FireAll SierraConvOptions","""No,"" she replies. Sierra thinks for a moment. ""Nothing interesting, anyway.""",,
SierraThoughtsGuardianKill,SierrasThoughts,"$global.sierraWitnessedGuardianKill score:5
!$global.sierraMentionedGuardian ","$global.sierraMentionedGuardian = true
SetTextHighlightColors sierraTextColor sierraTextColor sierraTextColor
SetTextHighlights ""\""What a strange Explorarium ship we took down,\"""" ""\""Most of those drones are rustbucket heaps of junk but that guardian was a fight and a half. Tough shields, plasma jets, plasma cannons?\"""" ""\""Somehow, I doubt its design shares much purpose with its kin.\""""","""What a strange Explorarium ship we took down,"" Sierra notes. ""Most of those drones are rustbucket heaps of junk but that guardian was a fight and a half. Tough shields, plasma jets, plasma cannons?""

""Somehow, I doubt its design shares much purpose with its kin.""",,
SierraThoughtsRemStation1Kill,SierrasThoughts,"$global.sierraWitnessedRemStation1Kill score:5
!$global.sierraMentionedRemStation1","$global.sierraMentionedRemStation1 = true
SetTextHighlightColors sierraTextColor sierraTextColor sierraTextColor
SetTextHighlights ""\""We did a great job taking down that old Nexus back then. Never know what the Remnants might get up to if we leave them too long. Someone's got to clean up after the Corporation.\"""" ""\""They do make nice ships though. Little bit of modding goes a long way but hey, great baseline.\"""" ""\""Very irresponsible of them.\""""","She pulses cheerily. ""We did a great job taking down that old Nexus back then. Never know what the Remnants might get up to if we leave them too long. Someone's got to clean up after the Corporation.""

A pause, her voice lowering. ""They do make nice ships though. Little bit of modding goes a long way but hey, great baseline."" She imitates the clearing of her throat. ""Very irresponsible of them.""",,
SierraThoughtsRemStation2Kill,SierrasThoughts,"$global.sierraWitnessedRemStation2Kill score:5
!$global.sierraMentionedRemStation2","$global.sierraMentionedRemStation1 = true
$global.sierraMentionedRemStation2 = true
SetTextHighlightColors sierraTextColor sierraTextColor sierraTextColor sierraTextColor
SetTextHighlights ""\""Tri-Tachyon's AI menace doesn't stand a chance against us,\"""" ""\""We're a motley crew of Remnant-slaying machines!\"""" ""\""Literally, in my case.\"""" ""\""Anyhow! That's one for the history books that COMSEC doesn't find!\""""","""Tri-Tachyon's AI menace doesn't stand a chance against us,"" Sierra boasts. ""We're a motley crew of Remnant-slaying machines!"" She pauses, her avatar slowly spinning before righting itself. 

""Literally, in my case."" She shakes. ""Anyhow! That's one for the history books that COMSEC doesn't find!""",,
SierraThoughtsSOE,SierrasThoughts,"$player.bladeSkill
!$global.sierraMentionedSOE","$global.sierraMentionedSOE = true
SetTextHighlightColors sierraTextColor sierraTextColor sierraTextColor sierraTextColor sierraTextColor
SetTextHighlights ""\""Okay, okay,\"""" ""\""So I was browsing the local comm-net last time we docked, and guess who I saw in a vid?\"""" ""\""You!\"""" ""\""On Eventide. Masterfully defending your honor with blade in hand!\"""" ""\""Every time I think I've got a good grasp of who you are, you always surprise me. Consider me impressed.\""""
AddTextSmall ""Acquired phase-tech AI's admiration of your swordsmanship"" highlight","""Okay, okay,"" Sierra begins, a little giddy. ""So I was browsing the local comm-net last time we docked, and guess who I saw in a vid?""

She gives you a moment to explicitly provide no answer.

""You!"" she laughs. ""On Eventide. Masterfully defending your honor with blade in hand!"" Her avatar blinks. ""Every time I think I've got a good grasp of who you are, you always surprise me. Consider me impressed.""",,
SierraThoughtsAndradaBook,SierrasThoughts,"$player.gotAndradaBook
!$global.sierraMentionedAndradaBook","$global.sierraMentionedAndradaBook = true
SetTextHighlightColors sierraTextColor sierraTextColor sierraTextColor sierraTextColor sierraTextColor
SetTextHighlights ""\""So,\"""" ""\""I might have heard from an anonymous infosec specialist...\"""" ""\""That you have a copy of Quotations from the Supreme Executor. And, um,\"""" ""\""I kinda wanted to know if there's any crazy lobster-talk in it.\"""" ""\""Don't tell me it wouldn't be in character for him,\""""","""So,"" Sierra begins slowly. ""I might have heard from an anonymous infosec specialist..."" She pauses as if to carefully consider her words. ""That you have a copy of Quotations from the Supreme Executor. And, um,"" she hesitates. ""I kinda wanted to know if there's any crazy lobster-talk in it.""

She soaks in your unimpressed look. ""Don't tell me it wouldn't be in character for him,"" she laughs.",,
SierraThoughtsNoSupplies,SierrasThoughts,"$player.supplies == 0
!$global.sierraMentionedNoSupplies
!GateCMD isPopulated","$global.sierraMentionedNoSupplies = true 180
SetTextHighlightColors sierraTextColor sierraTextColor sierraTextColor sierraTextColor
SetTextHighlights ""\""Having your ship fall apart on you is a rough affair,\"""" ""\""Even worse when you pretty much are the ship in question.\"""" ""\""Beats being tied down in a research station in the middle of nowhere, though,\"""" ""\""Maybe we can just skip over to the Core Worlds before things get too bad.\""""","She speaks grimly. ""Having your ship fall apart on you is a rough affair,"" she says sadly. ""Even worse when you pretty much are the ship in question.""

""Beats being tied down in a research station in the middle of nowhere, though,"" she adds hopefully. ""Maybe we can just skip over to the Core Worlds before things get too bad.""",,
SierraThoughtsNoFuel,SierrasThoughts,"$player.fuel == 0
!$global.sierraMentionedNoFuel
!GateCMD isPopulated","$global.sierraMentionedNoFuel = true 180
SetTextHighlightColors sierraTextColor sierraTextColor sierraTextColor
SetTextHighlights ""\""Looks like we're dead in the metaphorical waters. Well, space is kind of a more literal water considering we're all in ships and use naval terminology and...\"""" ""\""Oh, right, right. Well, you know what time it is!\"""" ""\""Weeeeeooow...\""""","Sierra hums to herself. ""Looks like we're dead in the metaphorical waters. Well, space is kind of a more literal water considering we're all in ships and use naval terminology and..."" She catches her own rambling. ""Oh, right, right. Well, you know what time it is!"" she announces proudly. You hear a deep breath as she spins. ""Weeeeeooow..."" she gleefully sounds, making a terrible impression of a fading distress call.",,
SierraThoughtsTrulyScrewed,SierrasThoughts,"$player.supplies == 0 score:2
$player.fuel == 0
!$global.sierraMentionedTrulyScrewed
!GateCMD isPopulated","$global.sierraMentionedTrulyScrewed = true 180
$global.sierraMentionedNoSupplies = true 180
$global.sierraMentionedNoFuel = true 180
SetTextHighlightColors sierraTextColor sierraTextColor sierraTextColor
SetTextHighlights ""\""Wow!\"""" ""\""We are kind of completely doomed, aren't we? Probably should have brought more... stuff.\"""" ""\""I can't wait to see how you get us out of this one! Is it time travel? I wonder if it's time travel.\""""","""Wow!"" Sierra remarks a little more chippily than expected. ""We are kind of completely doomed, aren't we? Probably should have brought more... stuff.""

She spins passively. ""I can't wait to see how you get us out of this one! Is it time travel? I wonder if it's time travel.""",,
,,,,,,
SierraThoughtsAtrocity,SierrasThoughts,"$global.sierraWitnessedAtrocity score:3
!$global.sierraMentionedAtrocity","$global.sierraMentionedAtrocity = true
SetTextHighlightColors sierraTextColor sierraTextColor sierraTextColor
SetTextHighlights ""\""I hope,\"""" ""\""What we did to $global.sierraLatestSatbombMkt...\"""" ""\""I hope it was worth it.\""""","She briefly pauses in thought, a little longer than you'd expect an artificial intelligence to take. ""I hope,"" she begins hesitantly, ""What we did to $global.sierraLatestSatbombMkt..."" 

Another pause. ""I hope it was worth it."" A rushed sigh of simulated air.","SierraAtrocityHadTo:""There was no other choice.""
SierraAtrocityMistake:""I made a mistake. I'm sorry.""",
SierraThoughtsAtrocityHT,DialogOptionSelected,$option == SierraAtrocityHadTo,"SetTextHighlightColors sierraTextColor sierraTextColor
SetTextHighlights ""\""Right. You know that better than I do. I just...\"""" ""\""Try not to lose yourself, okay?\""""","Sierra's reply comes quickly, as if your reassurance is all she needed. ""Right. You know that better than I do. I just...""

Her avatar gives a single spin. ""Try not to lose yourself, okay?""","SierraBack:""Of course.""",
SierraThoughtsAtrocityMS,DialogOptionSelected,$option == SierraAtrocityMistake,"$global.sierraAtrocityAdmitted = true
FronSecSierraCMD removeHalfGuilt
SetTextHighlightColors sierraTextColor sierraTextColor sierraTextColor sierraTextColor
SetTextHighlights ""\""Apologies don't bring back lost lives, but it's something,\"""" ""\""It's a good sign.\"""" ""\""I just hope you don't end up like the others whose hearts the Collapse turned blacker than space.\"""" ""\""You're better than that, I'm sure, I've seen it myself.\""""","Sierra's avatar slowly spins. ""Apologies don't bring back lost lives, but it's something,"" she insists hopefully. ""It's a good sign.""

The star stops dead. ""I just hope you don't end up like the others whose hearts the Collapse turned blacker than space."" It resumes its carefree rotation. ""You're better than that, I'm sure, I've seen it myself.""","SierraBack:""Right.""",
,,,,,,
SierraThoughtsZigFought,SierrasThoughts,"$global.sierraWitnessedZigFight score:10
!$SierraMentionedZig","SetTextHighlightColors sierraTextColor sierraTextColor sierraTextColor
SetTextHighlights ""\""I, um, would like to get your thoughts on something, too. Ask a question, I mean.\"""" ""\""When we fought the Ziggurat, did you hear, um...\"""" ""\""Music? A far-away chorus?\""""
$SierraMentionedZig = true","The AI's avatar jitters heavily. ""I, um, would like to get your thoughts on something, too. Ask a question, I mean.""

She barely gives you the chance to nod. ""When we fought the Ziggurat, did you hear, um..."" She sighs. ""Music? A far-away chorus?""","SierraIHeardMusic:""A chorus of voices, brought from a wind beyond?""
SierraLieAboutMusic:""I didn't hear anything.""",
SierraThoughtsZigContYes,DialogOptionSelected,$option == SierraIHeardMusic,"SetTextHighlightColors sierraTextColor sierraTextColor sierraTextColor sierraTextColor
SetTextHighlights ""\""I hoped so. I asked Omicron about it once. He offered a custom audio-input recalibration package. I don't think...\"""" ""\""You're human, I'm not, how...?\"""" ""\""So lovely, yet deeply unsettling, there in the back of my simulated conciousness, lost in the wind.\"""" ""\""Thanks for the chat. I hope we're not wrapped up in something beyond us.\""""","She breathes a false sigh of true relief, her feed stabilizing. ""I hoped so. I asked Omicron about it once. He offered a custom audio-input recalibration package. I don't think..."" She trails off before picking back up. ""You're human, I'm not, how...?"" 

She pauses. ""So lovely, yet deeply unsettling, there in the back of my simulated conciousness, lost in the wind."" Sierra sighs. ""Thanks for the chat. I hope we're not wrapped up in something beyond us.""","SierraBack:""You're welcome.""",
SierraThoughtsZigContNo,DialogOptionSelected,$option == SierraLieAboutMusic,"SetTextHighlightColors sierraTextColor sierraTextColor sierraTextColor sierraTextColor
SetTextHighlights ""\""Oh,\"""" ""\""Right, silly me.\"""" ""\""You know me,\"""" ""\""Spend too long in phase-space and all those rumbles and wooshes start sounding like... music.\""""
FronSecSierraCMD addGuilt","Sierra's feed continues jittering a moment, before calming down. You debate interrupting her for a moment to call a technician to get this thing sorted out. ""Oh,"" she remarks disappointedly. ""Right, silly me.""

""You know me,"" she laughs uneasily. ""Spend too long in phase-space and all those rumbles and wooshes start sounding like... music.""","SierraBack:""Right.""",
,,,,,,
SierraThoughtsOmega,SierrasThoughts,"$global.sierraWitnessedOmega score:20
!$SierraMentionedOmega","SetTextHighlightColors sierraTextColor sierraTextColor sierraTextColor
SetTextHighlights ""\""I certainly do have thoughts, although I'm not so sure how well they'll come out.\"""" ""\""So. That was Omega, right? Those things we... killed.\"""" ""\""I think. I hope we killed a monster and didn't just cut off one of its infinite limbs.\""""
$SierraMentionedOmega = true","Sierra remains silent for a moment. ""I certainly do have thoughts, although I'm not so sure how well they'll come out."" A deep, simulated inhale comes through the feed.

""So. That was Omega, right? Those things we... killed."" Her voice grows doubtful. ""I think. I hope we killed a monster and didn't just cut off one of its infinite limbs.""","SierraOmegaConcerned:""You seem concerned?""
SierraOmegaKilledIt:""We handled them. Like everything else.""",
SierraThoughtsOmegaContC,DialogOptionSelected,$option == SierraOmegaConcerned,"SetTextHighlightColors sierraTextColor sierraTextColor sierraTextColor
SetTextHighlights ""\""Yeah, I am. Those things don't really feel like they consider themselves natives to our world anymore. Fractal beings beyond our comprehensive and us, ants below their notice.\"""" ""\""This has greater implications. Two of them were a nightmare - what happens if hundreds flood the Sector?\"""" ""\""If we can kill two, we can take down more. There's no use in me worrying myself and especially you.\""""
","Her avatar slowly spins. ""Yeah, I am. Those things don't really feel like they consider themselves natives to our world anymore. Fractal beings beyond our comprehensive and us, ants below their notice.""

""I was hoping Omega was a dreadnought with an oversized Alpha stuck inside it,"" she sighs. ""This has greater implications. Two of them were a nightmare - what happens if hundreds flood the Sector?""

She takes a moment to think, and the rotation stops. ""If we can kill two, we can take down more. There's no use in me worrying myself and especially you.""","SierraBack:""At ease.""",
SierraThoughtsOmegaContK,DialogOptionSelected,$option == SierraOmegaKilledIt,"SetTextHighlightColors sierraTextColor sierraTextColor sierraTextColor
SetTextHighlights ""\""Yeah. I guess we did get them anyway. It was kind of a nightmare, though, and I don't fancy our odds against a whole fleet of them.\"""" ""\""Wonder how many of them there are. If they want us dead, we might be going down fighting. Then again, maybe we're just too insignificant for Omega.\"""" ""\""Time will tell how that dance will go. I suppose there's no point in thinking about it until then.\"""" ","Her avatar stops mid-spin. ""Yeah. I guess we did get them anyway. It was kind of a nightmare, though, and I don't fancy our odds against a whole fleet of them.""

""Wonder how many of them there are. If they want us dead, we might be going down fighting. Then again, maybe we're just too insignificant for Omega."" She laughs uneasily.

""Time will tell how that dance will go. I suppose there's no point in thinking about it until then.""","SierraBack:""At ease.""",
,,,,,,
SierraThoughtsWS,SierraConvPicker,$global.sierraWantsWSConv score:30,"SetTextHighlightColors sierraTextColor sierraTextColor sierraTextColor sierraTextColor
SetTextHighlights ""\""Hi, Commander,\"""" ""\""You're human, I'm not, how...?\"""" ""\""I hope you're doing okay. I heard that our misadventure had had a rough effect on you. I don't really know what that's like, but...\"""" ""\""Did you hear that voice, right before we were attacked by those... ghosts?\"""" ""\""I feel really silly saying that.\""""
$global.sierraWantsWSConv = false","You send a message to Sierra's ship, requesting a comm-link. She accepts, and her feed quickly snaps into her digitized avatar, which pulses gently as she speaks.

""Hi, Commander,"" she says. ""I hope you're doing okay. I heard that our misadventure had had a rough effect on you. I don't really know what that's like, but...""

""Did you hear that voice, right before we were attacked by those... ghosts?"" She pauses. ""I feel really silly saying that.""","SierraWSHeardVoice:""Yes. Almost sounded like you.""
SierraWSGaslight:""No.""",
SierraThoughtsWSYes,DialogOptionSelected,$option == SierraWSHeardVoice,"SetTextHighlightColors sierraTextColor sierraTextColor sierraTextColor
SetTextHighlights ""\""It did, didn't it? Consider me severely creeped out. What did it want from us?\"""" ""\""Besides the obvious.\"""" ""\""I'm going to think on that a bit. Did you need anything else?\""""","She sighs. ""It did, didn't it? Consider me severely creeped out. What did it want from us?"" she wonders aloud. ""Besides the obvious.""

Her avatar spins. ""I'm going to think on that a bit. Did you need anything else?""","SierraBack:""One more thing...""
100:defaultLeave:""That's all.""",
SierraThoughtsWSGL,DialogOptionSelected,$option == SierraWSGaslight,"SetTextHighlightColors sierraTextColor sierraTextColor sierraTextColor
SetTextHighlights ""\""Oh,\"""" ""\""Right. Just me being me, I guess. Nevermind.\"""" ""\""Anything else you needed?\""""
$global.fs_WSPlayerGaslitSierra
FronSecSierraCMD addGuilt","""Oh,"" she replies awkwardly. ""Right. Just me being me, I guess. Nevermind.""

She sighs. ""Anything else you needed?""","SierraBack:""One more thing...""
100:defaultLeave:""That's all.""",
,,,,,,
# SIERRA AND ALVISS - lol,,,,,,
SierraAAOption,PopulateOptions,"$isPerson
$id == sebestyen score:1000
FronSecSierraCMD checkSierra
!$SierraAAAlreadyDone",SetOptionColor SierraAAInit sierraTextColor,,"80:SierraAAInit:""Might I introduce you to a friend of mine?""",
SierraAAInitAlviss,DialogOptionSelected,$option == SierraAAInit,,"The academician raises an eyebrow. ""O-Oh,"" he stammers, ""Is Provost Baird sending you on another mission? I'm not sure I c-can..."" He reads the look on your face and stops. 

""Um, if it's someone who wants freelance work, I can probably give them the jobs you skip over?"" You stop him yourself and explain that you'd just like to acquaint two of your friends. ""Oh, right,"" he says, flustered. ""Of course, u-um, who is it?""

Diverting your attention to your datapad, you tell him to hold just a moment.",SierraAAAskSierra:Confirm with Sierra,
SierraAAAskSierra,DialogOptionSelected,$option == SierraAAAskSierra,"AddText ""You send a quick message to Sierra to gauge her availability and interest. A reply comes near-instantaneously.""
AddTextSmall ""sierra0B: Wait who"" sierraTextColor
AddTextSmall ""sierra0B: OH is this the funny academy guy?"" sierraTextColor
AddTextSmall ""sierra0B: Yes!!"" sierraTextColor
AddTextSmall ""sierra0B: No I'm literally watching holovids of birds, patch me in"" sierraTextColor
AddTextSmall ""sierra0B: Wait are we doing the delta-level charade or am I just Ms. Voidwitch herself"" sierraTextColor
$SierraAAAlreadyDone = true",,"SierraAALowProfile:Tell her to keep up a facade
SierraAABeYourself:Tell her to be herself",
SierraAASierraJoinsLP,DialogOptionSelected,$option == SierraAALowProfile,"ShowSecondPerson fs_sierra
SetTextHighlightColors sierraTextColor sierraTextColor sierraTextColor sierraTextColor
SetTextHighlights ""\""Hello, Alviss!\"""" ""\""I'm Sierra, a delta-level digital aide powered by a state-of-the-art conversational engine.\"""" ""\""Pleased to meet you,\"""" ""\""How is your work here at the Academy progressing?\""""","Sierra's feed lights up, her voice sending ripples through her avatar. ""Hello, Alviss!"" she says cheerfully. ""I'm Sierra, a delta-level digital aide powered by a state-of-the-art conversational engine.""

""O-Oh, wow,"" the academician replies, impressed at the tech on display and blissfully unaware of what lies beyond the thin veil. ""Hi Sierra, I'm Alviss Sebestyen.""

""Pleased to meet you,"" Sierra says. ""How is your work here at the Academy progressing?""

""It's been quite g-good, actually, the physics department made some progress on an efficient miniturized hyperdrive for shuttles-"" Sebestyen begins to unload the last couple days of minor scientific breakthroughs, losing you. Sierra intently listens and engages him.",SierraAALeaveThemLP:Leave them to it,
SierraAASierraJoinsBY,DialogOptionSelected,$option == SierraAABeYourself,"ShowSecondPerson fs_sierra
SetTextHighlightColors sierraTextColor sierraTextColor sierraTextColor sierraTextColor
SetTextHighlights ""\""Oh, hello, hello!\"""" ""\""Hi, Alviss, it's nice to meet you! I'm Sierra, an experimental Domain phasetech AI!\"""" ""\""Oh, just great,\"""" ""\""I got captured by Remnants a while back and $player.name saved me, so I've been doing a little bit of interdimensional combat. You know how it is!\""""","Sierra's feed lights up, her voice sending ripples through her avatar. ""Oh, hello, hello!"" she greets. ""Hi, Alviss, it's nice to meet you! I'm Sierra, an experimental Domain phasetech AI!""

Sebestyen's eyes widen, with bewilderment and a little confusion. ""Oh, um, hi, Sierra, I'm Alviss."" A pause as he registers she already knows his name. ""Sebestyen. H-how are you?"" he stammers.

""Oh, just great,"" she replies cheerily. ""I got captured by Remnants a while back and $player.name saved me, so I've been doing a little bit of interdimensional combat. You know how it is!"" It's fairly obvious he doesn't.",SierraAALeaveThemBY:Leave them to it,
SierraAALeaveThemLP,DialogOptionSelected,$option == SierraAALeaveThemLP,"ShowPersonVisual true fs_sierra
HideSecondPerson
AddTextSmall ""sierra0B: That was fun!"" sierraTextColor
AddTextSmall ""sierra0B: I think he likes talking at me"" sierraTextColor
AddTextSmall ""sierra0B: Great idea on your part"" sierraTextColor
AddStoryPoints 1","You leave the two of them as Sierra questions him about specialized probe instrument packages, vicariously living the life of a junior academic administrative assistant.

Should do them both a bit of good, right?

A half-hour later, you receive a message from Sierra.",cutCommLink:Continue,
SierraAALeaveThemBY,DialogOptionSelected,$option == SierraAALeaveThemBY,"ShowPersonVisual true fs_sierra
HideSecondPerson
AddTextSmall ""sierra0B: Alviss is precious"" sierraTextColor
AddTextSmall ""sierra0B: How could anyone dislike him"" sierraTextColor
AddTextSmall ""sierra0B: Thanks for the invite"" sierraTextColor
AddStoryPoints 1","You leave the two of them to... whatever is happening. Sierra eagerly interrogates him on the topics of his duties at the Galatian academy, music interests, knowledge of phase technology, favorite floral fragrance and more.

Should do them both a bit of good, hopefully.

A half-hour later, you receive a message from Sierra.",cutCommLink:Continue,
,,,,,,
# A MEMORY,,,,,,
MemoryAthenaOpenNoSierra,OpenInteractionDialog,"$tag:AMemoryAthena score:1000
!FronSecAMemoryCMD checkSierra","ShowDefaultVisual
$global.fs_AMemoryFoundAthena = true","Your $shipOrFleet approaches the destroyed Aurora-class. A quick assessment leads your salvage crews to the assumption that it has been completely torn apart, primarily from high-explosive means, with the majority of critical systems beyond recognition. What's left is barely useful as scrap metal.

The ship's memory banks are wiped completely clean, unusually.",defaultLeave:Leave,
MemoryAthenaOpenSierra,OpenInteractionDialog,"$tag:AMemoryAthena score:1000
FronSecAMemoryCMD checkSierra","ShowDefaultVisual
$global.fs_AMemoryFoundAthena = true","As you approach the destroyed Aurora-class, you receive a communications request from Sierra.",MemoryAthenaAcceptComms:Accept the comm link,
MemoryAthenaSierraConv1,DialogOptionSelected,$option == MemoryAthenaAcceptComms,"ShowPersonVisual true fs_sierra
SetTextHighlightColors sierraTextColor
SetTextHighlights ""\""... Commander? There's something wrong here.\""""","Sierra's feed comes alive. Her digital avatar is unusually jumpy, occasionally being interrupted by a burst of static.

""... Commander? There's something wrong here.""","MemoryAthenaWhat:""What's going on?""",
MemoryAthenaSierraConv2,DialogOptionSelected,$option == MemoryAthenaWhat,"SetTextHighlightColors sierraTextColor sierraTextColor
SetTextHighlights ""\""My ship's picking up unusual signals around this derelict.\"""" ""\""Phase coils do the trick, but my Concord can tunnel deep into phase space. Might find something interesting, though the rest of the fleet won't be able to follow - unprotected travel's going to be miserable for them. I... I think I might like a second opinion while I'm there. Do you mind coming aboard?\""""
FireAll MemoryAthena1TryOpts","The feed is briefly still, before resuming its jittering. ""My ship's picking up unusual signals around this derelict.""

She thinks a moment. ""Phase coils do the trick, but my Concord can tunnel deep into phase space. Might find something interesting, though the rest of the fleet won't be able to follow - unprotected travel's going to be miserable for them. I... I think I might like a second opinion while I'm there. Do you mind coming aboard?""",,
MemoryAthenaYesOpt,MemoryAthena1TryOpts,,,,"MemoryAthenaComeAboard:""I'll head over now.""",
MemoryAthenaNoOpt,MemoryAthena1TryOpts,,,,"MemoryAthenaAbsolutelyNot:""This sounds far too risky.""",
MemoryAthenaSPOpt,MemoryAthena1TryOpts,!$global.fs_AMHarmonicTuning,,,"MemoryAthenaHarmonicTuning:""What about other phase ships?""",
MemoryAthenaSierraConv3,DialogOptionSelected,$option == MemoryAthenaComeAboard,"SetTextHighlightColors sierraTextColor
SetTextHighlights ""\""Ready?\""""","You take a shuttle to Sierra's ship, taking a seat within the surprisingly comfortable hab-module. A few spider drones scamper around, measuring oxygen content, temperatures and air pressure. Serene piano music continuously emanates throughout the ship from nowhere in particular. 

One climbs onto the central console and glares at you with its singular violet eye. ""Ready?""",MemoryAthenaDoIt:Brace for the dive,
MemoryAthenaSierraConv4,DialogOptionSelected,$option == MemoryAthenaDoIt,,"You lock yourself into your seat and brace for a phase shift, an experience that never quite becomes familiar no matter how many times you shatter dimensional barriers for time-accelerated strike missions.

A loud humming arises from deeper within the ship. Eventually, it becomes drowned out by an unholy wailing as the metal walls begin to shimmer with purple energy as the entire ship transforms into a phase anchor.

Your senses begin to twist...",MemoryAthenaStartCombat:...,
MemoryAthenaStartCombat,DialogOptionSelected,$option == MemoryAthenaStartCombat,FronSecAMemoryCMD startCombat,You hear distant music in the back of your mind.,,
MemoryAthenaAbsolutelyNot,DialogOptionSelected,$option == MemoryAthenaAbsolutelyNot,"SetTextHighlightColors sierraTextColor
SetTextHighlights ""\""I understand - it might not be wise to risk our lives for this. If you change your mind, I'm willing to go through with it.\""""","Her feed stabilizes. ""I understand - it might not be wise to risk our lives for this. If you change your mind, I'm willing to go through with it.""",defaultLeave:Leave,
,,,,,,
MemoryAthenaSierraConvReturn,DialogOptionSelected,"FronSecAMemoryCMD checkFightStarted score:1000
$option == MemoryAthenaAcceptComms","ShowPersonVisual true fs_sierra
SetTextHighlightColors sierraTextColor
SetTextHighlights ""\""... and so we return. Should we...?\""""
FireAll MemoryAthena2TryOpts","Sierra's feed comes alive. Her digital avatar is unusually jumpy, occasionally being interrupted by a burst of static.

""... and so we return. Should we...?""",,
MemoryAthena2LDTOpt,MemoryAthena2TryOpts,,,,"MemoryAthenaComeAboard:""Let's do it.""",
MemoryAthena2SPOpt,MemoryAthena2TryOpts,!$global.fs_AMHarmonicTuning,,,"MemoryAthenaHarmonicTuning:""Couldn't we bring another phase ship?""",
MemoryAthena2NoOpt,MemoryAthena2TryOpts,,,,"MemoryAthenaAbsolutelyNot:""We're not ready yet.""",
MemoryAthenaHTuning,DialogOptionSelected,$option == MemoryAthenaHarmonicTuning,"SetStoryOption MemoryAthenaHTYes 1 fs_AMHarmonicTuning technology ""Inspired Sierra to employ harmonic coil tuning""
SetTextHighlightColors sierraTextColor sierraTextColor sierraTextColor
SetTextHighlights ""\""This is far beyond the capabilities of a regular phase ship, I don't think - unless...\"""" ""\""Oh!\"""" ""\""I could try manually tuning a vessel's coils to match my Concord's - \""harmonic tuning\"", I suppose. On a larger ship, their own active tuning would need to kick in fast, too fast... but on a frigate, it might hold enough for them to come along.\""""
FireAll MemoryHarmonicTuning","Her feed holds still a moment. ""This is far beyond the capabilities of a regular phase ship, I don't think - unless...""

She thinks for a few moments, lets off a little ""Oh!"" and then begins chattering. ""I could try manually tuning a vessel's coils to match my Concord's - ""harmonic tuning"", I suppose. On a larger ship, their own active tuning would need to kick in fast, too fast... but on a frigate, it might hold enough for them to come along.""","MemoryAthenaHTYes:""Go ahead.""
MemoryAthenaHTNo:Reconsider your options",
MemoryAthenaHTYes,DialogOptionSelected,$option == MemoryAthenaHTYes,"$global.fs_AMHarmonicTuning = true
AddTextSmall ""Harmonic Coil Tuning: Up to one phase frigate may now resist combat readiness loss from exotic phase travel"" highlight
FireAll MemoryAthena2TryOpts","A datalink is established to facilitate Sierra's work with your fleet's fields officers. She soon sends an extensive array of matching frequencies, input settings and recommended output levels, suitable for use within the day. A brief confusion breaks out over the seemingly impossible combinations, which is soon quelled once it is confirmed that despite falling far outside of standard safety protocols, the coils remain mostly stable.",,
MemoryAthenaHTNo,DialogOptionSelected,$option == MemoryAthenaHTNo,FireBest MemoryAthenaBack,,,
MemoryAthenaHTDisable,MemoryHarmonicTuning,!FronSecAMemoryCMD canHarmonicTuning,"SetEnabled MemoryAthenaHTYes false
SetTooltip MemoryAthenaHTYes ""There are no phase frigates in your fleet.""",,,
MemoryAthenaOpenFinished,OpenInteractionDialog,"$tag:AMemoryAthena
FronSecAMemoryCMD checkFightWon score:10000","ShowDefaultVisual
SalvageGenFromSeed
FireBest ShowSalvageEntityDetails
FireBest SalvageCheckHostile","Your $shipOrFleet approaches the ISS Athena. A second sweep of its throughly destroyed wreckage reveals no changes from before your strange encounter.

Odd.",,
,,,,,,
MemoryAthenaBack1,MemoryAthenaBack,,FireAll MemoryAthena1TryOpts,,,
MemoryAthenaBack2,MemoryAthenaBack,FronSecAMemoryCMD checkFightStarted score:1000,FireAll MemoryAthena2TryOpts,,,
,,,,,,
# WAYWARD STAR,,,,,,
WSvowWreckDetails,ShowSalvageEntityDetails,"$customType == wreck
$fs_WSvow score:1000",ShowDefaultVisual,"A strange vessel, drifting through space. This was shooting at you not so long ago, between feverish requests for a waltz. Now, it is still, though strangely unmarked by battle damage. On the exterior, it resembles Sierra's current ship, if a size larger.",,
WSvowExplore,CheckSalvageSpecial,"$salvageSpecialData != null
$customType == wreck
$fs_WSvow score:1000","$WSvowExplored = true
FireAll WSvowOptions","Salvage teams are dispatched to breach the vessel. An armed detail is sent alongside, at Sierra's request - her own maintenance drones are hardly killing machines, but who knows what this cruiser's operating mind might have done to them.

Live feeds, scattered across your field of view, show the salvors' difficult journey through the rather human-inhospitable sections of the ship's interior, hallways rarely wide enough for two to stand side-by-side, and never tall enough to stand in.

All except for the crews assigned to the ship's bridge, who find that, like the Pledge-class, this vessel contains a comfortable, spotless, if smaller-than-expected crew quarters, enough for just under two-dozen occupants. Tiny for a cruiser, but a capacity above zero is itself unusual.

No resistance is encountered. A few deactivated spider-drones are found scattered throughout the ship, each one raising some alarm, but none awaken and most show signs of damage. The core chamber accepts the first crewman to accept its scan, and he finds it totally empty.",,
WSvowRecover,WSvowOptions,FronSecSierraCMD checkSierra,,"A message comes through from the ship's potential new occupant, who awaits your orders.",WSvowInstallSierra:Have Sierra transferred into the Vow-class,
WSvowLeave,WSvowOptions,,,,defaultLeave:Leave the ship for now,
WSvowTransfer,DialogOptionSelected,$option == WSvowInstallSierra,"SetTextHighlightColors sierraTextColor sierraTextColor sierraTextColor
SetTextHighlights ""\""This feels... spacious,\"""" ""\""Powerful. Like I've unlocked new potential.\"""" ""\""But I'll do my best not to let it get to my head.\""""
FronSecSierraCMD transferVow","Aboard the Pledge-class, Sierra eagerly welcomes the engineers who disconnect her from her chamber and carefully place her into a shielded contained, which is then transported by shuttle to her new ship.

Though physically larger, the Vow-class's core chamber is otherwise near-identical and she is reconnected within minutes.

""This feels... spacious,"" come her first words. ""Powerful. Like I've unlocked new potential."" She laughs. ""But I'll do my best not to let it get to my head.""",defaultLeave:Continue,
,,,,,,
WSwispmotherWreckDetails,ShowSalvageEntityDetails,"$customType == wreck
$fs_WSwispmother score:1000",ShowDefaultVisual,"The broken and drifting carrier before you appears to be some sort of modified Remnant carrier. In battle, it demonstrated an unexplainable ability to summon energized particles from destroyed ships. Having fallen itself - to what, you're unsure - it now lies dormant.",,
WSwispmotherGetAugment,PopulateSalvageOptions1,"$customType == wreck
$fs_WSwispmother score:1000
!$foundStuff
FronSecSierraCMD checkSierra","FronSecSierraCMD addWisperer
$foundStuff = true","A salvage sweep reveals a strange high-energy emitter installed near the ship's heart, one that is nearly fully intact, if severed from the rest of the ship's systems by a melted support beam.

Sierra's ship is brought over to perform an analysis. She believes that, interfaced with her own phase concord, she may be able to use it herself - should you allow her to.",,
,,,,,,
# ASKONIA PROBE/MAYFLY,,,,,,
AskOmiProbeOpen,OpenInteractionDialog,$customType == fronsec_askoniaprobe,ShowDefaultVisual,"Your $shipOrFleet approaches a single asteroid among the countless that form the Stone River around the star of Askonia.

A brief scan reveals it to be primarily rock, with a few chunks of metal mixed in here and there, a thoroughly unimpressive specimen likely captured in this orbit from elsewhere in the system.","AskOmiProbeInvestigate:Perform an extensive scan of the asteroid
defaultLeave:Leave",
AskOmiProbeOpen2,OpenInteractionDialog,"$customType == fronsec_askoniaprobe
$knowProbeIsFake score:10",ShowDefaultVisual,"Your $shipOrFleet approaches a single asteroid among the countless that form the Stone River around the star of Askonia.

You already know this asteroid to be a fake, possibly hiding valuables within.","AskOmiProbeInvestigate2:Attempt to access the asteroid's interior
defaultLeave:Leave the ""asteroid"" for now",
AskOmiProbeLookClose,DialogOptionSelected,$option == AskOmiProbeInvestigate,$knowProbeIsFake = true,"You order your sensors officers to conduct a more extensive scan of the asteroid, including a second standard sensor sweep, a hyperwave signal scan and even a momentary run of the phase detector suites.

A manual investigation by an unmanned sensor drone reveals a small ventilation tunnel imperfectly camouflaged against the rocky exterior marred by the harsh starlight. Someone has clearly put effort into hiding something inside, and immediate suspicions come to mind of Umbran rebels, enterprising Nortian smugglers or a corrupt Sindrian officer filling a nondescript asteroid with riches to be picked up at a less politically inconvenient time.","AskOmiProbeInvestigate2:Attempt to access the asteroid's interior
defaultLeave:Leave the ""asteroid"" for now",
AskOmiProbeLookClose2,DialogOptionSelected,$option == AskOmiProbeInvestigate2,,"An unmanned drone is dispatched to investigate the hollowed-out asteroid.

Out of the corner of your eye, a side panel flashes with crimson warnings and frustrated alerts, and a comms officer quickly slides over to attend to its insistent bleeping. COMSEC soon reports several failed intrusions of your flagship's datastores, but no attempts against any vital systems.

A narrow-range comm link suddenly bursts out harshly from the asteroid's direction.","AskOmiProbeAcceptCL:Accept the comm link
AskOmiProbeDenyCL:Decline",
AskOmiProbeOcuOpen,DialogOptionSelected,$option == AskOmiProbeAcceptCL,"ShowPersonVisual true fs_mayfly
$global.fs_metMayfly = true
FireAll AskOmiProbeOcuOpts","The feed comes alive as weaving white lines flow together and bend into a strange arrangement, like a three-eyed sprout which shudders as it sees you. A clearly-artificial voice comes, small and frantic, filled with static. ""Query!"" it demands, blinking at you. ""Query, query! Entity verification has failed. Entity status: INHOSPITABLE. Datastore discharge unacceptable.""

The determined speaker presses you further, its feed zooming slightly. ""Echo request: remove foreign automated entity from self-proximity!""

The drone operator stops and awaits your further command.",,
AskOmiProbeOcuDeny,DialogOptionSelected,$option == AskOmiProbeDenyCL,FronSecMayflyCMD kaboom,"Vibration sensors suddenly pick up a massive disturbance from the asteroid, and an energy emmission comes alongside it, suddenly bursting out from inside.

You have but a moment to wonder if that comm-link was anything important.

",defaultLeave:Continue,
,,,,,,
AskOmiProbeMentionOmiOpt,AskOmiProbeOcuOpts,"!$mentionedOmicron
$global.apromise_metomicron",,,"AskOmiProbeMentionOmi:""Aren't you one of Omicron's?""",
AskOmiprobeMentionSierraOpt,AskOmiProbeOcuOpts,!$mentionedSierra,,,"AskOmiProbeMentionSierra:""Do you know Sierra?""",
AskOmiProbeWhyShouldOpt,AskOmiProbeOcuOpts,!$askedWhyShould,,,"AskOmiProbeAskWhyShould:""Why should I?""",
AskOmiProbeAskSpyingOpt,AskOmiProbeOcuOpts,!$askedSpying,,,"AskOmiProbeAskSpying:""Are you spying on the Sindrian Diktat?""",
AskOmiProbeDestroyOpt,AskOmiProbeOcuOpts,"$askedSpying
RepGTE sindrian_diktat WELCOMING",,,"AskOmiProbeDestroy:""By the Supreme Executor, this act of espionage shall not be tolerated!""",
AskOmiProbeDestroy2Opt,AskOmiProbeOcuOpts,"$askedSpying
RepGTE luddic_church WELCOMING",,,"AskOmiProbeDestroy2:""Your unholy presence shall be driven out, servant of Mammon!""",
AskOmiProbeRecallOpt,AskOmiProbeOcuOpts,!$recalledDrone,,,AskOmiProbeRecallDrone:Call back the drone,
AskOmiProbeDroneInsideOpt,AskOmiProbeOcuOpts,!$recalledDrone,,,AskOmiProbeKeepDrone:Order the drone inside,
AskOmiProbeLeaveOpt,AskOmiProbeOcuOpts,$recalledDrone,,,"AskOmiProbeLeave:""We'll leave you to it, then.""",
,,,,,,
AskOmiProbeOcuMentOmi,DialogOptionSelected,$option == AskOmiProbeMentionOmi,"$mentionedOmicron = true
FronSecMayflyCMD revealMayfly
ShowPersonVisual true fs_mayfly
AdjustRepPerson fs_mayfly SUSPICIOUS 15
FireAll AskOmiProbeOcuOpts","The AI churns in thought. ""Root mind verification success?"" it questions. ""Entity status upgraded: SUSPICIOUS. Selfkind partial verification: Oculus-Echo-Mayfly.""",,
AskOmiProbeOcuMentSierra,DialogOptionSelected,$option == AskOmiProbeMentionSierra,"$mentionedSierra = true
FireAll AskOmiProbeOcuOpts","""Selfkind recognition of Sierra-Nought-Bravo from residual regnant datastores,"" the AI notes questioningly. ""Information classified as irrelevant. Valid data release subject array does not contain Sierra-Nought-Bravo.""",,
AskOmiProbeOcuWhyShould,DialogOptionSelected,$option == AskOmiProbeAskWhyShould,"$askedWhyShould = true
FireAll AskOmiProbeOcuOpts","The AI seemingly churns for a surprising time before replying. ""Self-detonation of planetkiller device to ensure infosec integrity. Estimated damage to other $shipOrFleet and comm link is rated 'catastrophic'.""

The combat analysis system helpfully narrows out a range of known planetkillers that would have the required yield.",,
AskOmiProbeOcuAskSpy,DialogOptionSelected,$option == AskOmiProbeAskSpying,"$askedSpying = true
FireAll AskOmiProbeOcuOpts","""Echo self-verification is denied,"" it replies flatly. ""Confirmation of agent operations on Diktat intercommunications unacceptable.""

There's a quiet huff from somewhere off to the side of the bridge. ""Sounds like a yea,"" an officer comments.",,
AskOmiProbeOcuDestroy,DialogOptionSelected,$option == AskOmiProbeDestroy,FronSecMayflyCMD kaboom,"""Unexpected Diktat presence!"" the voice says surprisedly and with what you think could be a hint of panic. ""Discovery imminent! Enacting infosec protocols!""

The feed cuts off. The nav system suggests evasive fleet movement.",defaultLeave:Continue,
AskOmiProbeOcuDestroy2,DialogOptionSelected,$option == AskOmiProbeDestroy2,FronSecMayflyCMD kaboom,"""Unexpected Luddic presence!"" the voice says surprisedly and with what you think could be a hint of panic. ""Discovery imminent! Enacting infosec protocols!""

The feed cuts off. The nav system suggests evasive fleet movement.",defaultLeave:Continue,
AskOmiProbeOcuRecall,DialogOptionSelected,$option == AskOmiProbeRecallDrone,"$recalledDrone = true
AdjustRepPerson fs_mayfly SUSPICIOUS 10
FireAll AskOmiProbeOcuOpts","""Recognition of probe withdrawal,"" the AI affirms. ""Co-operative action recognised and logged.",,
AskOmiProbeOcuDroneInside,DialogOptionSelected,$option == AskOmiProbeKeepDrone,AdjustRepPerson fs_mayfly HOSTILE -50,"You order the drone operator to fly the thing inside, and wait in silence.

As the drone makes it to the ventilation duct, the feed begins to fill with angry static, and the audio becomes muddled with a low buzzing. ""Self-reaffirm!"" the AI almost shouts. ""Withdraw presence from self-proximity!""","AskOmiProbeInsistDrone:Insist on investigating the asteroid
AskOmiProbeRecallDrone:Withdraw the drone",
,,,,,,
AskOmiProbeKaboom,DialogOptionSelected,$option == AskOmiProbeInsistDrone,FronSecMayflyCMD kaboom,"""Enacting infosec protocols,"" the AI says scornfully. ""Recommend inquiry to human-regnant on post-mortem possibility.""

The feed cuts off, and the nav system pops up a suggested evasive maneuver.",defaultLeave:Continue,
AskOmiProbeOcuLeave,DialogOptionSelected,$option == AskOmiProbeLeave,,"""Agreed, agreed,"" the AI concurs. ""Leave self to assigned tasks and avoid information remittance to non-self entities.""",defaultLeave:Leave,
,,,,,,
AskOmiProbeOcuAgain,OpenInteractionDialog,"$customType == fronsec_askoniaprobe
$global.fs_metMayfly score:100",,"Your $shipOrFleet approaches a single asteroid among the countless that form the Stone River around the star of Askonia.

As it draws near, a narrow-range comm-link comes, offering an opportunity to talk.","AskOmiProbeAcceptCL2:Accept the comm link
defaultLeave:Leave",
AskOmiProbeOcuOpen2,DialogOptionSelected,$option == AskOmiProbeAcceptCL2,"ShowPersonVisual true fs_mayfly
FireAll AskOmiProbeOcuOpts","The feed comes alive as weaving white lines flow together and bend into a strange arrangement, like a three-eyed sprout which trembles as it sees you. 

A clearly-artificial voice comes, small and frantic, filled with static. ""Selfkind recognition of other entity. Selfkind information release still unacceptable! Request removal of other fleet from proximity to ensure infosec.""",,
,,,,,,
# CAMPAIGN OBJECTIVES,,,,,,
FSbuildStationOpt,Stable_AddBuildOptions,FronSecCheckFrontierDevelopment,,,10:FSbuildStation:Construct a makeshift habitat,
FSbuildStation,DialogOptionSelected,$option == FSbuildStation,"$slBuildType = fronsec_habitat_makeshift 0
Objectives printCost $slBuildType
FireBest Stable_BuildConfirmOptions",,,
FSstationOptions,COB_AddOptions,$customType == fronsec_habitat_makeshift,,,10:FScolonizeStation:Establish a colony,
FScolonizeStation,DialogOptionSelected,$option == FScolonizeStation,"FronSecPrintStationCost printCost
FireBest FSstationcheck",,,
FSstationcheck,FSstationcheck,FronSecPrintStationCost canBuild,,,"FScolonizeProceed:Proceed
FScancelStation:Never mind",
FSstationcheckCant,FSstationcheck,!FronSecPrintStationCost canBuild,SetEnabled FScolonizeProceed false,,"FScolonizeProceed:Proceed
FScancelStation:Never mind",
FScancelStation,DialogOptionSelected,$option == FScancelStation,"ShowDefaultVisual
Objectives printDescription
FireAll COB_AddOptions
FireBest COB_DisableOptionsIfNeeded
FireAll COB_DisableIndividualOptions",,,
FScolonizeProceed,DialogOptionSelected,$option == FScolonizeProceed,"FronSecPrintStationCost build
DismissDialog",,,
,,,,,,
FS_Sierra_nex_sfCommLink,OpenCommLink,"$id == fs_sierra score:1000
$entity.nex_sfIntel != null score:100
!$printedFirstGreeting","ShowPersonVisual
SetTextHighlightColors sierraTextColor
SetTextHighlights ""\""Oh, hi, Admiral! Exciting stuff, running my own fleet, we've been having a great time! Did you need anything?\""""
$printedFirstGreeting = true 0","""Oh, hi, Admiral! Exciting stuff, running my own fleet, we've been having a great time! Did you need anything?""","nex_commandSF_main:Give orders
nex_configSF_start:Reconfigure task group
cutCommLink:Cut the comm link",
FS_Sierra_nex_sfCommLink_repeat,OpenCommLink,"$id == fs_sierra score:1000
$entity.nex_sfIntel != null score:100
$printedFirstGreeting","ShowPersonVisual
$printedFirstGreeting = true 0",,"nex_commandSF_main:Give orders
nex_configSF_start:Reconfigure task group
cutCommLink:Cut the comm link",