{
	"wormholeUnder":{
		"name":"WormholeBG",
		"tilt":0,
		"pitch":90,
		"rotation":-1,
		"planetColor":[50,150,250,0],
		"atmosphereThickness":0.1,
		"atmosphereThicknessMin":10,
		"atmosphereColor":[225,50,225,128],
		"texture":"graphics/planets/star_white.jpg",
		"icon":"graphics/icons/icon_portal.png",
		"iconColor":[250,150,250,155],
		"starCoronaSprite":"graphics/fx/wormhole_corona.png",
		"starCoronaSizeMult":4,
		"isStar":true,
		"lightPosition":[0,0,10],
		"cloudTexture":"graphics/planets/wormhole_textureClouds.png",
		"cloudColor":[255,255,255,100],
		"cloudRotation":-5,
		"cloudOffset":2
	},
	"wormholeA":{
		"name":"WormholeFG",
		"tilt":0,
		"pitch":90,
		"rotation":-12,
		"planetColor":[0,0,0,64],
		"atmosphereThickness":0.5,
		"atmosphereThicknessMin":10,
		"atmosphereColor":[225,100,225,100],
		"texture":"graphics/planets/wormhole_textureInside.jpg",
		"icon":"graphics/icons/icon_portal.png",
		"iconColor":[50,150,250,0],
		"starCoronaSizeMult":2,
		"isStar":false,
		"lightPosition":[0,0,10],
		"cloudTexture":"graphics/planets/wormhole_textureClouds.png",
		"cloudColor":[255,255,255,64],
		"cloudRotation":18,
		"cloudOffset":3,
		"glowTexture":"graphics/planets/wormhole_textureLightA.jpg"
	},
	"wormholeB":{
		"name":"WormholeFG",
		"tilt":0,
		"pitch":90,
		"rotation":18,
		"planetColor":[0,0,0,48],
		"atmosphereThickness":0.5,
		"atmosphereThicknessMin":10,
		"atmosphereColor":[225,100,225,100],
		"texture":"graphics/planets/wormhole_textureInside.jpg",
		"icon":"graphics/icons/icon_portal.png",
		"iconColor":[50,150,250,0],
		"starCoronaSizeMult":2,
		"isStar":false,
		"lightPosition":[0,0,10],
		"cloudTexture":"graphics/planets/wormhole_textureClouds.png",
		"cloudColor":[255,255,255,32],
		"cloudRotation":-27,
		"cloudOffset":4,
		"glowTexture":"graphics/planets/wormhole_textureLightB.jpg"
	},
	"wormholeC":{
		"name":"WormholeFG",
		"tilt":0,
		"pitch":90,
		"rotation":-24,
		"planetColor":[0,0,0,24],
		"atmosphereThickness":0.5,
		"atmosphereThicknessMin":10,
		"atmosphereColor":[225,100,225,0],
		"texture":"graphics/planets/wormhole_textureInside.jpg",
		"icon":"graphics/icons/icon_portal.png",
		"iconColor":[50,150,250,255],
		"starCoronaSizeMult":2,
		"isStar":false,
		"lightPosition":[0,0,10],
		"cloudTexture":"",
		"cloudColor":[255,255,255,0],
		"cloudRotation":-24,
		"cloudOffset":5,
		"glowTexture":"graphics/planets/wormhole_textureLightC.jpg"
	},
}
