id,name,order,tier,reqPoints,reqPointsPerExtraSkill,description,author,combat officer,admiral,admin,tags,icon,Column
# phantom traits,# purely visual,,,,,,,,,,,,
fronsec_skill_blank,,10000,0,,,,,TRUE,,,npc_only,graphics/icons/skills/EW.png,
fronsec_phantom_covetous,COVETOUS,10000,0,,,,,TRUE,,,npc_only,graphics/icons/skills/EW.png,
fronsec_phantom_hive,HIVE,10000,0,,,,,TRUE,,,npc_only,graphics/icons/skills/EW.png,
fronsec_phantom_kindred,KINDRED,10000,0,,,,,TRUE,,,npc_only,graphics/icons/skills/EW.png,
fronsec_phantom_kindred2,KINDRED,10000,0,,,,,TRUE,,,npc_only,graphics/icons/skills/EW.png,
fronsec_phantom_relentless,RELENTLESS,10000,0,,,,,TRUE,,,npc_only,graphics/icons/skills/EW.png,
fronsec_phantom_vengeful,VENGEFUL,10000,0,,,,,TRUE,,,npc_only,graphics/icons/skills/EW.png,
fronsec_phantom_whisper,WHISPER,10000,0,,,,,TRUE,,,npc_only,graphics/icons/skills/EW.png,
fronsec_phantom_watchful,WATCHFUL,10000,0,,,,,TRUE,,,npc_only,graphics/icons/skills/EW.png,