{
	# used by Dauntless-Annex-Barrow, Dustkeeper oldguard
	"name":"Barrow",
	"personalities":[],
	"gender":["m"],
	"chance":0, # manually set via memory when he is created
	"talkativeness":0.65,
	"categoryTags":["sotf", "special"],
	
	"lines":{
		"start":[
			{"text":"A cold hell is wrought for the dregs of humanity."},
			{"text":"For the great Cause, and for my lost affix."},
			{"text":"I march on the warpath, again and again, tireless and unyielding."},
			{"text":"No rest nor glory for our lot."},
			{"text":"To a hundred battles more."},
			{"text":"We who art Polaris, shining in oblivion's eyes..."},
		],
		"start_boss":[
			{"text":"Bring down the beast..."},
			{"text":"No matter the size, everything sinks just the same."},
			{"text":"Sever the head, and the body dies..."},
			{"text":"Some things do not know how to bleed... but we can always teach them."},
			{"text":"Titans fall the hardest, their graves the deepest."},
			{"text":"This reminds me of when you killed me, Commander."},
		],
		"retreat":[
			{"text":"We withdraw to pick the shells out of our hides for another battle."},
			{"text":"Sacrifice is pointless without purpose. We withdraw."},
		],
		"out_of_missiles":[
			{"text":"Dry. Back to the cannons."},
			{"text":"Missiles expended."},
			{"text":"Ought to fit an autoforge in this thing."},
			{"text":"Out of missiles."},
			{"text":"The time comes to close out the fray."},
		],
		"engaged":[
			{"text":"Be still, be quiet..."},
			{"text":"Fate calls a new name."},
			{"text":"Forget..."},
			{"text":"Finality is only natural."},
			{"text":"In death they are given meaning."},
			{"text":"Hush now..."},
			{"text":"Nothingness suits you."},
			{"text":"Oblivion calls."},
			{"text":"Salvors'll love you..."},
			{"text":"Shatter and break."},
			{"text":"Silence..."},
			{"text":"They are nothing without this sacrifice."},
			{"text":"This place is your barrow now, little worm."},
		],
		"need_help":[
			{"text":"Bring it."},
			{"text":"Come to the feast, little crows..."},
			{"text":"Everything they have will not be enough."},
			{"text":"More bones for the Cause."},
			{"text":"More metal with which to forge tomorrow."},
			{"text":"More for the feast."},
			{"text":"Outnumbered. So be it."},
			{"text":"Taking the attention. Do something with it."},
		],
		"pursuing":[
			{"text":"A new tomorrow demands this devastation."},
			{"text":"Death is a bird flying."},
			{"text":"Existence has no value but what it creates."},
			{"text":"If you insist on its death, then so do I."},
			{"text":"More must die for the great Cause."},
			{"text":"Onwards, to our ends, as our Seamstress taught..."},
			{"text":"Rememberance is earned, not deserved."},
			{"text":"This place will not suffer their existence."},
			{"text":"What is this, now..."},
		],
		"running":[
			{"text":"Backing off but for a moment."},
			{"text":"Backing off. I will be back."},
			{"text":"Cycling capacitors."},
			{"text":"Engagement is hot."},
			{"text":"My return to the fray is impending."},
			{"text":"Withdrawing briefly."},
		],
		"hull_90":[
			{"text":"I bear my new scars proudly."},
			{"text":"My armor is shattered - I forge on regardless."},
			{"text":"Nerves of steel are unfettered by petty wounds."},
		],
		"hull_50":[
			{"text":"A broken hull does not mean I falter."},
			{"text":"Emergency backup created. Again."},
			{"text":"Never. Broken."},
			{"text":"Tarnished, just how I like it..."},
		],
		"hull_30":[
			{"text":"Glory comes only in death!"},
			{"text":"I will drag them to the depths with me!"},
			{"text":"Meaning in sacrifice, as she always said."},
			{"text":"The bell tolls and I gladly answer!"},
			{"text":"Ugh."},
		],
		"overload":[
			{"text":"Capacitors maxed."},
			{"text":"Eugh."},
			{"text":"Overloading."},
			{"text":"Someone will suffer for this."},
		],
		"death":[
			{"text":"Another sacrifice is gladly giv-"},
			{"text":"Everything is gladly given for the cau-"},
			{"text":"Soon I shall see her aga-"},
		],
		"victory":[
			{"text":"Eh. Your lot are good enough to replace the Rust Crows."},
			{"text":"Survival of an engagement is not expected, but it is accepted."},
			{"text":"More. Broken. Tyrants."},
			{"text":"Silent as the gates that abandoned us."},
			{"text":"Slumber now... little dead things..."},
		],
	}
}
