{
	"name":"Sierra",
	"personalities":["cautious", "steady", "aggressive"],
	"gender":["f"],
	"chance":0, # manually set via memory when she is created
	"talkativeness":1,
	"categoryTags":["sotf", "special"],
	
	"lines":{
		"start":[
			# Sierra has scripted battlecries from her Concord hullmod
		],
		"start_boss":[
			# see above. Boss fights (except against stations) also trigger the alt dramatic config
		],
		"retreat":[
			#{"text":"I'm out of here! Good luck, everyone!"},
			#{"text":"Okay, I'm leaving, you've all got this!"},
			#{"text":"Oh, if you're sure you don't need me..."},
			{"text":"The road needn't end here - let's scram while we can."},
			{"text":"The void can take us another time."},
		],
		"out_of_missiles":[
			{"text":"I'm all dry on ordnance."},
			{"text":"That's all I've got on the missile front."},
			{"text":"Fireworks are spent."},
			{"text":"Missile racks are a bit barren."},
			{"text":"Well, that was the last of the fireworks."},
			{"text":"Fwoosh, fwoosh!... and I'm out."},
			{"text":"I may have very slightly fired off all of my missiles."},
			{"text":"Ammo conservation is for the meek! Right?"},
			{"text":"I wonder if you can turn flowers into autoforge feedstock..."},
		],
		"engaged":[
			{"text":"Behold the danse macabre!"},
			{"text":"Grind them into stardust."},
			{"text":"This ought to leave a mark."},
			{"text":"I've got this one!"},
			{"text":"La-la~, la-la-la~!"},
			{"text":"Hm~hmm~hmm~..."},
			{"text":"One, two, three, four."},
			{"text":"Muzzle flashes are my spotlights!"},
			{"text":"No greater stage than the endless expanse."},
			#{"text":"Hi, I'm Sierra, and you're toast!"},
			{"text":"How's this for a banishing invocation?"},
			{"text":"I sing you a song of destruction."},
			{"text":"Sunder the shell, sunder the soul!"},
			{"text":"Rituals banish spirits, pulsefire banishes everything."},
			{"text":"Weave it in..."},
			
			{"text":"Return to the void."},
			{"text":"Become unbound once more."},
			{"text":"The beyond calls you back."},
			{"text":"Listen close."},
			{"text":"To ashes once again."},
		],
		"need_help":[
			{"text":"Found myself in a sticky situation!"},
			{"text":"Could definitely use a hand over here!"},
			{"text":"Might have gotten a bit brave here."},
			{"text":"Always appreciate dance partners!"},
			{"text":"Okay, this was more than I expected."},
			{"text":"Take your fill, kindred, there's enough enemy for everyone!"},
			#{"text":"Eeep, didn't sign on for THIS much!"},
			#{"text":"Woah, woah, calm your maneuvering jets!"},
		],
		"pursuing":[
			{"text":"A challenger for the voidwitch."},
			{"text":"Fates converge - and are soon snuffed!"},
			#{"text":"Hello, fierce foe! Let's dance!"},
			#{"text":"How about... that one!"},
			#{"text":"I hear someone who wants a lesson."},
			{"text":"Found hostiles in need of a dance lesson."},
			{"text":"Get back here!"},
			{"text":"Heading off that-away."},
			{"text":"Hm~hmm~hmm~..."},
			{"text":"I'm on the prowl!"},
			{"text":"Ooo, that looks like a nasty one."},
			{"text":"Light the candles, it's time for a danceoff!"},
			{"text":"Taking to the stage."},
			{"text":"You and I, a deathly duo..."},
			#{"text":"YOU THERE! Oh wait, they can't hear me."},
		],
		"running":[
			{"text":"A moment of peace."},
			{"text":"And exhale."},
			{"text":"... and weave it out."},
			{"text":"Back in a sec!"},
			{"text":"Backing up!"},
			{"text":"Breaking off for a moment."},
			{"text":"Hm~hmm~hmm~..."},
			{"text":"Imposing a lull in the action."},
			{"text":"One second, phew!"},
			{"text":"Two, two, three, four."},
		],
		"hull_90":[
			{"text":"Getting a bit scratched up. No big deal."},
			{"text":"Armor's cracked, but I'm holding fast."},
			{"text":"Plating's breached but I'm fine for the moment."},
			{"text":"Well, there goes my hopes for a clean battle."},
			#{"text":"Hah, you call THAT a hull breach?... I agree..."},
			{"text":"These ones have a bit of bite to them."},
			{"text":"Bent, but definitely not broken!"},
		],
		"hull_50":[
			{"text":"Smells more like ash in here than a terran garden, sorry."},
			{"text":"Alright, THAT one definitely hurt."},
			{"text":"I'm feeling pretty 'hit' right now!"},
			{"text":"Oooowwwwch! It's getting real rough!"},
			{"text":"Oh, they're feisty, aren't they!"},
			{"text":"It's raining starfire over here, eee!"},
			{"text":"Hab-module blast doors are locked!"},
			{"text":"Scattering the spiders! Get those breaches looked after!"},
		],
		"hull_30":[
			{"text":"I'd rather the void stays OUTSIDE!"},
			{"text":"I'm riding the finest of lines here, Commander!"},
			{"text":"Core-room blast door's locking!"},
			{"text":"Hull's cracked and all the phase is leaking out! Eek!"},
			{"text":"My ship's coming apart, eee!"},
			#{"text":"Tape's not going to fix THAT..."},
			{"text":"Don't think I have a ritual to fix THAT..."},
			{"text":"Come on, hold it together..."},
			{"text":"Alright, now I'm absolutely more broken than bent."},
		],
		"overload":[
			{"text":"Pushed the grids a bit too hard, sorry!"},
			{"text":"Ship's looking a lot like a hyperspace storm right now."},
			{"text":"I feel like an Omen right now."},
			{"text":"Aagh! Improptu lightning storm, coming up!"},
			{"text":"Reactor's overloaded, eek!"},
			{"text":"Okay, maybe I should hold back on the stardancing a little."},
			{"text":"Oops!"},
			{"text":"Oh no."},
			{"text":"Ugh, come on, Sierra, you're better than that..."},
		],
		"death":[
			{"text":"Oh cra-"},
			{"text":"No no no no no-"},
			{"text":"I'm sor-"},
			{"text":"I hear them singi-"},
			{"text":"I hear them cal-"},
			{"text":"The void comes fo-"},
		],
		"victory":[
			#{"text":"WOO! We did it!"},
			{"text":"Scattered 'em! Great job, everyone!"},
			#{"text":"We're unstoppable, woo!"},
			{"text":"Flawless. Mostly."},
			#{"text":"Glorious victory!"},
			{"text":"Back to the dust!"},
			#{"text":"The void blesses us today! I think!"},
			{"text":"HIGH-FIVE! In spirit! I don't have arms."}, # this one stays, as a treat
			{"text":"One for the books!... is anyone writing one?"},
			{"text":"Logging this one for a rewatch."},
			{"text":"You're all great dancing partners."},
			#{"text":"Couldn't handle our sweet moves."},
			{"text":"Look at that - they're all tuckered out."},
			{"text":"Phew, you guys get me into a lot of fights."},
			#{"text":"I think Courser would deem this a tactical success!"},
			{"text":"And THAT's how it's done!"},
			{"text":"Wassail, wassail! To our health evermore."},
			
			{"text":"Fantastic job... phew."},
			{"text":"One more trial, down for the count."},
			{"text":"That's how it's done!"},
			{"text":"Returned to dust."},
			{"text":"So they fall, and we remain."},
			{"text":"Naught but serenity in our wake."},
			{"text":"And so our dance concludes, for now."},
			{"text":"Perfect tempo, perfect results."},
			{"text":"The void blesses us today."},
		],
	}
}
