name,id,designation,tech/manufacturer,system id,fleet pts,hitpoints,armor rating,max flux,8/6/5/4%,flux dissipation,ordnance points,fighter bays,max speed,acceleration,deceleration,max turn rate,turn acceleration,mass,shield type,defense id,shield arc,shield upkeep,shield efficiency,phase cost,phase upkeep,min crew,max crew,cargo,fuel,fuel/ly,range,max burn,base value,cr %/day,CR to deploy,peak CR sec,CR loss/sec,supplies/rec,supplies/mo,hints,tags,rarity,breakProb,minPieces,maxPieces,travel drive,number
# SIERRA'S SHIPS,,,,,,,,,,,,,,,,,,,,,,,,,,,,,,,,,,,,,,,,,,,,,,,
Pledge,sotf_pledge,Destroyer,Anomalous Phase-Tech,sotf_concordshift,12,5000,450,5000,,300,105,,85,75,50,30,50,500,OMNI,,150,0.4,0.6,0.02,0.04,0,10,80,60,2,30,10,100000,5,15,420,0.25,11,11,HIDE_IN_CODEX,no_dealer,,0.5,2,2,sotf_concordentry,
Vow,sotf_vow,Cruiser,Anomalous Phase-Tech,sotf_concordshift,18,8000,850,10000,,600,165,,75,55,40,25,35,1800,OMNI,,270,0.4,0.6,0.02,0.04,0,20,120,90,3,30,9,200000,5,20,480,0.25,26,26,HIDE_IN_CODEX,no_dealer,,0.5,2,3,sotf_concordentry,
Covenant,sotf_covenant,Battlecruiser,Anomalous Phase-Tech,sotf_concordshift,32,13000,1400,18000,,1200,300,,60,40,35,12,18,2600,OMNI,,270,0.4,0.6,0.02,0.04,0,50,300,400,10,40,8,600000,4,30,600,0.25,60,60,"UNBOARDABLE, HIDE_IN_CODEX","no_dealer, no_autofit",,1,4,4,sotf_concordentry,
,,,,,,,,,,,,,,,,,,,,,,,,,,,,,,,,,,,,,,,,,,,,,,,
Vow,sotf_vow_rem,Cruiser,Anomalous Phase-Tech,sotf_concordshift,16,8000,900,10000,,600,150,,75,45,40,25,30,2000,OMNI,,270,0.4,0.6,0.02,0.04,0,0,120,90,3,22,9,170000,5,15,480,0.25,25,25,HIDE_IN_CODEX,no_dealer,,0.5,2,3,sotf_concordentry,
,,,,,,,,,,,,,,,,,,,,,,,,,,,,,,,,,,,,,,,,,,,,,,,
# EIDOLON,,,,,,,,,,,,,,,,,,,,,,,,,,,,,,,,,,,,,,,,,,,,,,,
,sotf_wisp_lesser,Lesser Wisp,Unknown,,,450,0,20,,-1,,,325,400,300,600,600,1,NONE,,0,0,0,,,0,0,,,,,,,,,,,,,HIDE_IN_CODEX,,,0,,,,
,sotf_wisp,Wisp,Unknown,,,1500,0,90,,-1,,,325,400,300,600,600,1,NONE,,0,0,0,,,0,0,,,,,,,,,,,,,HIDE_IN_CODEX,,,0,,,,
,sotf_wisp_watchful,Watchful Wisp,Unknown,,,1500,0,120,,-1,,,325,400,300,600,600,1,NONE,,0,0,0,,,0,0,,,,,,,,,,,,,HIDE_IN_CODEX,,,0,,,,
,sotf_wispmother,Wispmother,Unknown,recalldevice,12,5000,350,4000,,200,75,2,70,60,25,20,15,500,OMNI,,270,0.4,0.6,,,0,0,0,0,1,0,10,100000,5,15,,,12,12,"UNBOARDABLE, HIDE_IN_CODEX, CARRIER",no_dealer,,0,2,2,,
,sotf_vow_eidolon,Eidolon,Unknown,sotf_concordshift,22,8000,900,10000,,600,165,,75,55,40,25,35,2000,OMNI,,270,0.4,0.6,0.02,0.04,0,20,120,90,3,22,9,170000,5,15,,,26,26,"UNBOARDABLE, HIDE_IN_CODEX",no_dealer,,0.5,2,3,sotf_concordentry,
,,,,,,,,,,,,,,,,,,,,,,,,,,,,,,,,,,,,,,,,,,,,,,,
# FEROS AND DOTTY,,,,,,,,,,,,,,,,,,,,,,,,,,,,,,,,,,,,,,,,,,,,,,,
Feros' Tempest,sotf_tempest_feros,Frigate,High Tech,highenergyfocus,10,1250,200,2500,,225,50,2,180,200,175,90,270,200,OMNI,,120,0.2,0.8,,,15,25,15,20,1,20,10,36000,10,25,180,0.25,10,10,HIDE_IN_CODEX,no_dealer,0,0.5,2,2,,
Dotty,sotf_dotty_f,,Tri-Tachyon,flarelauncher_active,,1200,200,1200,,200,,,200,200,200,150,200,5,OMNI,,270,0,1,,,0,0,,,,,,,,,,,,,HIDE_IN_CODEX,,,0,,,,
,sotf_dotty,Figment,Unknown,flarelauncher_active,,1200,200,1800,,200,,,200,200,200,150,200,5,OMNI,,270,0,1,,,0,0,0,0,1,0,11,200000,,,,,0,0,HIDE_IN_CODEX,no_dealer,,0,2,2,,
,,,,,,,,,,,,,,,,,,,,,,,,,,,,,,,,,,,,,,,,,,,,,,,
# DERELICT,,,,,,,,,,,,,,,,,,,,,,,,,,,,,,,,,,,,,,,,,,,,,,,
Brattice,sotf_brattice,,Explorarium,,,300,50,400,,100,,,250,350,250,90,180,20,NONE,,0,0,0,,,0,0,,,,,,,,,,,,,,,,0,,,,
Parapet,sotf_parapet,,Explorarium,flarelauncher,,300,65,300,,40,,,225,325,225,135,180,20,NONE,,0,0,0,,,0,0,,,,,,,,,,,,,,,,0,,,,
Peon,sotf_peon,,Explorarium,,,600,90,200,,100,0,,150,200,200,40,120,30,NONE,,0,0,0,,,0,0,,,,,,,,,,,,,,,,0,,,,
Keeper,sotf_keeper,Drone Carrier,Explorarium,fastmissileracks,8,4250,550,2600,,225,45,2,65,45,15,18,18,450,NONE,,0,0,0,,,0,0,120,40,2,20,8,40000,5,10,480,0.25,8,8,"CARRIER, COMBAT, UNBOARDABLE, HIDE_IN_CODEX","derelict, auto_rec",,0.5,2,3,,
Cavalier,sotf_cavalier,Drone,Explorarium,burndrive,10,8000,1000,9000,,450,105,,60,40,30,20,20,1300,NONE,,0,0,0,,,0,0,110,60,3,20,8,90000,4,12,480,0.25,15,15,"UNBOARDABLE, HIDE_IN_CODEX","derelict, auto_rec",,0.5,2,3,,
,,,,,,,,,,,,,,,,,,,,,,,,,,,,,,,,,,,,,,,,,,,,,,,
# PROXIES,,,,,,,,,,,,,,,,,,,,,,,,,,,,,,,,,,,,,,,,,,,,,,,
Warden (PROX),sotf_warden_aux,Drone,Dustkeeper Proxies,ammofeed,4,1500,300,750,,100,33,,120,100,90,90,120,150,PHASE,damper,0,0,0,,,0,0,20,20,1,20,9,12500,5,5,480,0.25,4,4,"UNBOARDABLE, HIDE_IN_CODEX","sotf_dustkeeper_aux, auto_rec, special_allows_system_use",,0.5,2,2,,
Defender (PROX),sotf_defender_aux,Drone,Dustkeeper Proxies,flarelauncher,4,1800,350,750,,100,33,,100,90,90,90,110,160,OMNI,,210,0.5,1.2,,,0,0,20,20,1,20,9,12500,5,5,480,0.25,4,4,"UNBOARDABLE, HIDE_IN_CODEX","sotf_dustkeeper_aux, auto_rec",,0.5,2,2,,
Picket (PROX),sotf_picket_aux,Drone,Dustkeeper Proxies,maneuveringjets,3,1400,250,750,,100,20,,200,175,150,100,120,120,NONE,,0,0,0,,,0,0,20,20,1,20,9,10000,5,5,480,0.25,3,3,"UNBOARDABLE, HIDE_IN_CODEX","sotf_dustkeeper_aux, auto_rec, special_allows_system_use, system_allows_special_use",,0.5,2,2,,
Sentry (PROX),sotf_sentry_aux,Drone,Dustkeeper Proxies,fastmissileracks,4,1200,200,750,,100,20,,110,90,90,60,100,120,OMNI,,160,0.5,1.2,,,0,0,20,20,1,20,9,12500,5,5,480,0.25,4,4,"UNBOARDABLE, HIDE_IN_CODEX","sotf_dustkeeper_aux, auto_rec",,0.5,2,2,,
,,,,,,,,,,,,,,,,,,,,,,,,,,,,,,,,,,,,,,,,,,,,,,,
Bastillon (PROX),sotf_bastillon_aux,Drone,Dustkeeper Proxies,canister_flak,8,4500,550,3500,,250,70,,60,40,20,20,20,400,OMNI,,210,0.5,1,,,0,0,80,40,2,20,8,45000,5,10,540,0.25,9,9,"UNBOARDABLE, HIDE_IN_CODEX","sotf_dustkeeper_aux, auto_rec",,,,,,
Berserker (PROX),sotf_berserker_aux,Drone,Dustkeeper Proxies,burndrive,9,4500,575,3400,,225,70,,65,45,15,18,18,450,NONE,,0,0,0,,,0,0,80,40,2,20,8,45000,5,10,540,0.25,9,9,"UNBOARDABLE, HIDE_IN_CODEX","sotf_dustkeeper_aux, auto_rec",,,,,,
Keeper (PROX),sotf_keeper_aux,Drone Carrier,Dustkeeper Proxies,fastmissileracks,9,4250,550,2600,,225,45,2,65,45,15,18,18,450,PHASE,damper,0,0,0,,,0,0,120,40,2,20,8,45000,5,10,480,0.25,9,9,"CARRIER, COMBAT, UNBOARDABLE, HIDE_IN_CODEX","sotf_dustkeeper_aux, auto_rec, special_allows_system_use, system_allows_special_use",,0.5,2,3,,
,,,,,,,,,,,,,,,,,,,,,,,,,,,,,,,,,,,,,,,,,,,,,,,
Cavalier (PROX),sotf_cavalier_aux,Drone,Dustkeeper Proxies,burndrive,11,8000,1000,9000,,450,120,,60,40,30,20,20,1300,PHASE,damper,0,0,0,,,0,0,110,60,3,20,8,90000,4,12,480,0.25,20,20,"UNBOARDABLE, HIDE_IN_CODEX","sotf_dustkeeper_aux, auto_rec",,0.5,2,3,,
Rampart (PROX),sotf_rampart_aux,Drone,Dustkeeper Proxies,burndrive,10,11000,1500,10000,,450,135,,35,20,10,12,10,2100,PHASE,sotf_canister_flak,0,0,0,,,0,0,100,60,4,15,8,120000,5,12,600,0.25,20,20,"UNBOARDABLE, HIDE_IN_CODEX","sotf_dustkeeper_aux, auto_rec, special_allows_system_use, system_allows_special_use",,0.5,2,3,,
,,,,,,,,,,,,,,,,,,,,,,,,,,,,,,,,,,,,,,,,,,,,,,,
Repose,sotf_repose,Drone Battleship,Dustkeeper Contingency,maneuveringjets,26,20000,1700,15000,,800,450,,40,30,20,7,10,3500,PHASE,sotf_canister_flak,0,0,0,,,0,0,300,400,15,27,7,500000,3,12,720,0.25,40,40,"UNBOARDABLE, HIDE_IN_CODEX","sotf_aux_no_spawn, auto_rec, special_allows_system_use, system_allows_special_use",,1,4,4,,
,,,,,,,,,,,,,,,,,,,,,,,,,,,,,,,,,,,,,,,,,,,,,,,
# OBJECTIVES,,,,,,,,,,,,,,,,,,,,,,,,,,,,,,,,,,,,,,,,,,,,,,,
,sotf_lidardrone,Lidar Drone,,,,1,0,1,,1,,,1,1,1,400,400,1,NONE,,0,0,0,,,0,0,0,0,1,0,0,500000,,1,,,0,0,"UNBOARDABLE, HIDE_IN_CODEX",,,0.5,2,2,,
,sotf_gunturret,Gun Turret,Common,,,7500,750,5000,,200,1000,,30,200,200,0.5,2,2000,OMNI,,120,0.2,0.8,,,0,0,0,0,1,0,0,500000,,1,,,0,0,"UNBOARDABLE, HIDE_IN_CODEX",,,0.5,2,2,,
,sotf_autohangar,Autohangar,Common,,,7500,750,3000,,200,1000,2,30,200,200,1,2,2000,NONE,,0,0,0,,,0,0,0,0,1,0,0,500000,,1,,,0,0,"UNBOARDABLE, HIDE_IN_CODEX",module_hull_bar_only,,0.5,2,2,,
,sotf_lidarnode,Lidar Node,Common,sotf_lrms,,5000,500,2000,,150,1000,,30,200,200,1,2,2000,OMNI,,120,0.2,1,,,0,0,0,0,1,0,0,500000,,1,,,0,0,"UNBOARDABLE, HIDE_IN_CODEX",,,0.5,2,2,,
,sotf_remturret,Weapon Module,Remnant,forgevats_station,,7500,750,8000,,500,1000,,30,200,200,1,2,2000,NONE,,0,0,0,,,0,0,0,0,1,0,0,500000,,1,,,0,0,"UNBOARDABLE, HIDE_IN_CODEX",module_hull_bar_only,,0.5,2,2,,
,sotf_remhangar,Hangar Module,Remnant,recalldevice,,7500,750,5000,,300,1000,2,30,200,200,1,2,2000,NONE,,0,0,0,,,0,0,0,0,1,0,0,500000,,1,,,0,0,"UNBOARDABLE, HIDE_IN_CODEX",module_hull_bar_only,,0.5,2,2,,
,,,,,,,,,,,,,,,,,,,,,,,,,,,,,,,,,,,,,,,,,,,,,,,
,sotf_empl_t2_lt,Gunnery Bastion,Low Tech,ammofeed,,10000,1200,8000,,400,1000,,30,200,200,0.5,2,3000,OMNI,,160,0.2,0.8,,,0,0,0,0,1,0,0,500000,,1,,,0,0,"UNBOARDABLE, HIDE_IN_CODEX",,,0.5,3,3,,
,sotf_empl_t2_ht,Hangar Bastion,High Tech,targetingfeed,,10000,900,7000,,350,1000,4,30,200,200,0.5,2,3000,OMNI,,210,0.2,0.8,,,0,0,0,0,1,0,0,500000,,1,,,0,0,"UNBOARDABLE, HIDE_IN_CODEX",,,0.5,3,3,,