{
	"fronsec_objective_turret":{
		"name":"Emplacement Uplink",
		"icon":"graphics/warroom/fronsec_objective_turret.png",
		"sprite":"graphics/ships/deployables/mini_navbeacon.png",
		"spriteScale":1,
		"captureTime":5,
		"battleSizeFractionBonus":0.04,
		"effectClass":"data.scripts.combat.FronSecTurretEffect",
	},
	"fronsec_objective_reinforcer":{
		"name":"Hyperwave Transmitter",
		"icon":"graphics/warroom/fronsec_objective_reinforcer.png",
		"sprite":"graphics/ships/deployables/mini_navbeacon.png",
		"spriteScale":1,
		"captureTime":10,
		"battleSizeFractionBonus":0.04,
		"effectClass":"data.scripts.combat.FronSecReinforcerEffect",
	},
	"fronsec_objective_rem_turret":{
		"name":"Detached Module",
		"icon":"graphics/warroom/fronsec_objective_turret.png",
		"sprite":"graphics/ships/deployables/mini_navbeacon.png",
		"spriteScale":1,
		"captureTime":5,
		"battleSizeFractionBonus":0.04,
		"effectClass":"data.scripts.combat.FronSecTurretEffect",
	},
	"fronsec_objective_rem_reinforcer":{
		"name":"Network Hub",
		"icon":"graphics/warroom/fronsec_objective_reinforcer.png",
		"sprite":"graphics/ships/deployables/mini_navbeacon.png",
		"spriteScale":1,
		"captureTime":10,
		"battleSizeFractionBonus":0.04,
		"effectClass":"data.scripts.combat.FronSecReinforcerEffect",
	},
}