{
    # EDICT
    "fronsec_edict_fire":
    [ 
        {"file":"sounds/sfx_wpn_energy/fronsec_edict_fire.ogg","pitch":1,"volume":1},
	],
	# DO YOU HEAR THEM CALLING
	"fronsec_phaseghost_whisper":
	[ 
	{"file":"sounds/sfx_misc/fronsec_phaseghost_1.ogg","pitch":1,"volume":0.15},
	{"file":"sounds/sfx_misc/fronsec_phaseghost_2.ogg","pitch":1,"volume":0.15},
	{"file":"sounds/sfx_misc/fronsec_phaseghost_3.ogg","pitch":1,"volume":0.15},
	{"file":"sounds/sfx_misc/fronsec_phaseghost_4.ogg","pitch":1,"volume":0.15},
	],
	# WS music
	"fronsec_weightlessthoughts":
	[
	{"file":"sounds/music/fronsec_weightlessthoughts.ogg","pitch":1,"volume":0.3},
	]
}