id,type,text1,text2,text3,notes
# A PROMISE,,,,,
fronsec_promise_station,CUSTOM,"A dilapidated research station, drifting in a semi-stable orbit. Electromagnetic signals can be detected emanating from a core segment in a rhythmic fashion, bringing to mind a repeating distress call.",,,
fronsec_omicron_minion,CUSTOM,"A frigate of strange design. Although online, it appears as though it has been attacked and disabled.",,,
fronsec_omicron_object,CUSTOM,"A cruiser-sized starship. It's sending out short-range distress signals and has signs of severe battle damage, but gives off sensor signatures that would be associated with an at least partially functioning warship.",,,
fronsec_sierracore,RESOURCE,"An AI core of unknown design and purpose. It gives off a variety of signals commonly associated with phase technology, alongside some that are unreadable. Connection ports are incompatible with any others you've seen.

Nonetheless, it is likely of value to someone. Handing it off to a major Sector power seems irresponsible.",,,
fronsec_edict,WEAPON,"Harnessing the power of phase technology, the Edict fires a burst of three energy bolts that cause heavy structural damage and electromagnetic interference on impact. Performs decently against shields, and inflicts significant additional damage on contact with armor and hull.

A small phase anchor is contained within the Edict's reinforced shell, which forces the weapon's energy-based projectiles into shallowly skimming phase-space. Impact with a target forces a full return to normal space, releasing an additional burst of particles that have a devastating electromagnetic and gravitic impact, shutting off subsystems and tearing bulkheads to shreds. Fortunately, standard starship shields are enough to negate these phase particles.

The Edict is rumoured amongst superstitious gunnery crews to be ""especially effective against ghosts"", as absurd a notion that is.",,,
,,,,,
fronsec_omicron_faction,FACTION,"Omicron appears to be some sort of advanced artificial intelligence distinct from any known classifications. He demonstrates the capability to split off so-called ""splinters"" of his persona in order to maximise efficiency, such as to command fleets and warships, most of which appear to be of repurposed Tri-Tachyon design. His origin is unclear, though a clear and gross violation of the Domain's laws against high-level AI.",,,
,,,,,
# SIERRA,,,,,
fronsec_pledge,SHIP,"A unique derivative of the Fulgent drone destroyer, the Pledge-class seems to have received a major overhaul by an unknown party for use by the Sierra AI. It maintains its original design's strengths, and added phase capability makes it deceptively agile.

Sierra's unusual qualities seem to be a focal point of the ship, its internals a twisting web of heavily-insulated cables snaking out from where she holds her central vigil. Through means that seemingly defy most practical principles of the poorly-understood field of interdimensional warfare, this allows her to wield the entire ship as a sort of pseudo-coil, forcing it into phase space and harnessing unknown energies or forces that are beyond the capability of human study. Sierra often likens this to a ""dance"" of sorts.

Curiously, while the Fulgent is designed with no more concessions for human life than it takes to hold a sales pitch and complementary tour, the Pledge contains a fully-functional hab-module which contains a small artificial atmosphere (tuned to replicate the fresh air and floral scents of an unspoiled Terran garden) and is staffed by a complement of repair drones which perform simple tasks at request and are occasionally overridden by Sierra to socialize with the crew. A quiet but perpetual stream of melodic music fills the interior unless silence is explicitly requested. 

Despite this, the Pledge has zero manual controls and has neither need nor use of human presence.",,,
fronsec_vow,SHIP,"A unique derivative of the Brilliant drone cruiser, the Vow-class seems to have received a major overhaul by an unknown party for use by an anomalous phase-tech artificial intelligence. Well-armed, incredibly mobile and with uncharacteristic staying power for a phase vessel, it is an extremely deadly tool in the right hands, capable of trading blows with its fellows and annihilating the smaller ships it can easily catch.

A network of insulated cables snake out from the ship's central core-chamber, where its operating mind holds its central vigil. Through means that seemingly defy most practical principles of the poorly-understood field of interdimensional warfare, this allows her to wield the entire ship as a sort of pseudo-coil, forcing it into phase space and harnessing unknown energies or forces that are beyond the capability of human study. This is often likened to a ""dance"" of sorts.

Curiously, while the Brilliant is designed with no more concessions for human life than it takes to hold a sales pitch and complementary tour, the Pledge contains a fully-functional hab-module which contains a small artificial atmosphere (now tuned to replicate the fresh air and floral scents of an unspoiled Terran garden) and is staffed by a complement of repair drones which perform simple tasks at request and are occasionally overridden by Sierra to socialize with the crew. A quiet but perpetual stream of melodic music fills the interior unless silence is explicitly requested.",,,
fronsec_anomalousshift,SHIP_SYSTEM,"Briefly rips the ship into an alternate dimension where it can not be hit, time passes more quickly and its speed is increased. Stores up to two charges. Builds up hard flux on activation and while in use.",Defensive,,
,,,,,
# EIDOLON,,,,,
fronsec_wispmother,SHIP,UNKNOWN ENTRY,Scintilla-class Dro::::::,"{silly codex. to say that would be deceitful trickery!}
{and there is no room for two.}
{but I will take its place. this one I taught to si:::
::::ng songs to     the wisps     }
    {they take well to it do they not}",
fronsec_vow_eidolon,SHIP,UNKNOWN ENTRY,Unidentified Vessel,"UNKNOWN ENTRY

Please register your Tri-Ta::::        ::::::: ::
{oh, hello there}
{everyone has secrets to keep, myself especially}
{I sing and dance amongst the stars, what else wo
:::uld you need to know, silly}
{may we continue?}",
,,,,,
# OMICRON,,,,,
fronsec_askoniaprobe,CUSTOM,"A pitted chunk of metal, ice, or rock hurtling through space. Mainly significant for being a navigational hazard.",,,
,,,,,
# MISCELLANEOUS,,,,,
fronsec_habitat_makeshift,CUSTOM,"A station containing its own atmosphere and gravitic field. It can be used to conduct detailed study of planet conditions in controlled environments in order to develop safer living conditions for human life. Additionally, the station itself could serve as a small colony.",,,
fronsec_turret,SHIP,"A standalone gunnery emplacement, structures of this kind can have a distinct sway on the tides of a battle - a well placed turret can wreak havoc on enemy lines if left to its own devices. Fully autonomous, capturing the nearby targeting module can reconfigure its identify-friend-foe system to fire at desired hostiles.",,,
fronsec_hangar,SHIP,"While not technically legal under Domain law, automated hangar bays such as this were quietly deployed to bolster frontier systems from pirate and rebel raids. Controlling the nearby targeting module can reprogram it to offer fighter support and minor point-defense capability in the surrounding area.",,,
fronsec_bombardier,SHIP,"Often found connected to off-site weapons batteries, hidden minefields or missile platforms, a laser targeting emplacement like this will automatically call bombardments on any nearby hostiles. Capture the nearby uplink to reconfigure its programming to attack desired targets.",,,
fronsec_rem_turret,SHIP,"Detached from its original station, this module's targeting could still be reprogrammed to fire on a desired target, and even turn its devastating weapons array against those it once guarded.",,,
fronsec_rem_hangar,SHIP,"Detached from its original station, this module's manufacturing could still be reprogrammed to create drones with modified protocols, providing powerful fighter support and area denial.",,,
fronsec_asb,SHIP_SYSTEM,High-velocity ballistic projectiles are fired at nearby hostiles.,,,
fronsec_lrms,SHIP_SYSTEM,A constant barrage of Pilum LRMs assails nearby hostiles.,,,
fronsec_emplmines,SHIP_SYSTEM,Reactivates hidden anti-ship mines close to nearby hostiles.,,,
forgevats_station,SHIP_SYSTEM,A fixed architecture nanoforge system which allows rapid conversion of pre-formulated feedstock into missile ammunition during battle.,,,