{
	# should be a copy of "combatSmall", minus variants that are annoying to fight in low numbers
	# for example, no Hyperions or fast beam-based kiting loadouts, or ships with damper field
	"combatSmallForSmallFleet":{
		"pigeon_attack":5,
		"pigeon_strike":5,
		"pigeon_xiv_attack":3,
		"pigeon_xiv_strike":3,
		"pigeon_d_attack":5,
		"pigeon_d_civilian":5,
		
		"hailfyre_elite":10,
		
		"scrapper_junk":5,
		"scrapper_attack":5,
		"scrapper_d_junk":5,
		
        "flourish_attack":5,
		"flourish_cs":5,
		"flourish_ix_cs":5,
		"flourish_ix_attack":5,
		
		"wolf_ix_strike":10,
		"fallback":{"combatSmall":1},
	},
	"combatSmall":{
	    "pigeon_attack":5,
		"pigeon_strike":5,
		"pigeon_xiv_attack":3,
		"pigeon_xiv_strike":3,
		"pigeon_d_attack":5,
		"pigeon_d_civilian":5,
		
		"hailfyre_elite":10,
		
		"scrapper_junk":5,
		"scrapper_attack":5,
		"scrapper_d_junk":5,
		
        "flourish_attack":5,
		"flourish_cs":5,
		"flourish_ix_cs":5,
		"flourish_ix_attack":5,
		
		"clio_Escort":5,
		"clio_Strike":5,
		
		"wolf_ix_strike":10,
		"fallback":{"combatMedium":0.5},
	},
	"combatMedium":{
	    "torment_standard":4,
        "torment_strike":4,
		
        "kindling_lancer":4,
		"kindling_cs":4,
		
		"medusa_ix_attack":10,
		"shrike_ix_attack":10,
		
		"keeper_cs":8,
		"lustrare_attack":10,
		"fallback":{"combatSmall":1},
	},
	"combatLarge":{
	    "tremor_attack":5,
		"tremor_assault":5,
		
		"aurora_ix_balanced":10,
		
		"cavalier_attack":10,
		"fallback":{"combatMedium":1},
	},
	"combatCapital":{
		"vanquish_outdated":7,
		"vanquish_elite":7,
		
		"theseus_assault":10,
		
		"paragon_ix_elite":10,
		"fallback":{"combatLarge":1},
	},
}
