name,id,tier,rarity,base value,range,damage/second,damage/shot,emp,impact,turn rate,OPs,ammo,ammo/sec,reload size,type,energy/shot,energy/second,chargeup,chargedown,burst size,burst delay,min spread,max spread,spread/shot,spread decay/sec,beam speed,proj speed,launch speed,flight time,proj hitpoints,hints,tags,groupTag,tech/manufacturer,for weapon tooltip>>,primaryRoleStr,speedStr,trackingStr,turnRateStr,accuracyStr,customPrimary,customPrimaryHL,customAncillary,customAncillaryHL,noDPSInTooltip,number
Artillery Swarmer,ae_artillery,2,,400,3000,,40,,15,50,5,40,0.25,8,KINETIC,45,,0,8,8,0.2,12,12,0,0,,300,400,9,25,"DO_NOT_AIM, DO_NOT_CONSERVE","missile8, rare_bp, tritachyon, persean, lions_guard, remnant",,,,Fire Support,,,,,,,,,,
Artillery Swarmer,ae_artillery_fighter,2,,400,5000,,25,,15,50,4,,,,KINETIC,35,,0,8,15,0.1,12,12,0,0,,300,400,15,25,"DO_NOT_AIM, DO_NOT_CONSERVE, SYSTEM",missile8,,,,Fire Support,,,,,,,,,,
Assault Pulser,ae_assaultpulser,3,,5000,500,,85,,0,20,14,,,,ENERGY,90,,0.33,1,16,0.1,10,20,1.5,3,,1000,,,,,"energy14, rare_bp, tritachyon, persean, lions_guard, remnant",,,,Strike,,,,,,,,,,
Mini-Flak Cannon,ae_miniflak,1,,1000,400,,100,,10,40,6,2,0.5,,FRAGMENTATION,35,,0,1,1,,0,8,2,10,,850,,,30,PD,"pd9, SR, rare_bp, hegemony, independent, sindrian_diktat, lions_guard, persean, luddic_church, luddic_path, pirates, derelict, scavengers",,,,Point Defense (Area),,,,,,,,,,
Flare Launcher (Swarm),ae_flarelauncher_swarm,,,,500,,10,100,,,,,0,,ENERGY,0,0,0,0.1,20,0.1,1440,1440,0,0,,250,400,3,1,SYSTEM,,,,,,,,,,,,,,,
Pulse Rocket MRM,ae_pulserocket,2,,1000,1000,,75,100,0,30,5,,,,ENERGY,175,,0.25,19.75,5,0.1,0,10,2,2,,1000,100,1.4,1000,"STRIKE, DO_NOT_CONSERVE","missile8, strike5, rare_bp, tritachyon, persean, lions_guard, remnant",,,,Pressure,,,,,"Hits on hull or armor have a %s chance to arc to weapons and engines, dealing extra damage equal to the original hit.",25,,,TRUE,
IR Pulse Laser,ae_irpulsedecoy,1,,250,500,,0,,0,50,,,,,ENERGY,50,,0.33,0,,,,,,,,1000,,,,SYSTEM,energy8,,,,,,,,,,,,,,
PD Laser,ae_pdlaserdecoy,1,,200,400,0,,,0,100,,,,,ENERGY,,50,0,0.25,,,,,,,2400,,,,,"PD, SYSTEM","pd7, beam7, SR",,,,,,,,,,,,,,
Graviton Lance,ae_gravitonlance,1,,1500,400,450,,,10,100,6,,,,KINETIC,,450,0.1,0.1,0.8,3,,,,,2400,,,,,SYSTEM,"energy14, beam10",,,,Anti Shield,,,,,,,,,,
Tactical Laser (Low Power),ae_taclaser_lp,1,,200,1000,40,,,0,20,4,,,,ENERGY,,40,0.1,0.1,,,,,,,3600,,,,,SYSTEM,"beam9, LR",,,,General,,,,,,,,,,
Ion Laser,ae_miniionbeam,3,,2500,600,75,,300,0,60,,,,,ENERGY,,200,0.1,0.1,,,,,,,2400,,,,,"FIRE_WHEN_INEFFICIENT, SYSTEM","beam14, LR",,,,Suppression,,,,,,,,,,
Willow PDM,ae_willow,,,,500,,70,,10,40,,,,,FRAGMENTATION,0,,0,3.5,2,0.3,0,0,0,0,,450,200,3,100,"ANTI_FTR, DO_NOT_AIM, SYSTEM, DO_NOT_CONSERVE, PD",,,,,Point Defense,,,,,,,,,,
Railgun (Fighter),ae_railgun_fighter,,,600,600,,100,,10,30,7,,,,KINETIC,90,,0.6,0.2,1,,,,,,,1000,,,50,SYSTEM,,,,,Anti Shield,,,,,,,,,,
Mining Charge Launcher,ae_miningcharge,1,,200,2000,,350,,50,15,4,12,,,HIGH_EXPLOSIVE,0,,0,0.83,1,,0,0,0,0,,170,20,25,125,"STRIKE, BOMB, SYSTEM",he0,,,,Strike,,,,,,,,,,
Autoblaster,ae_autoblaster,2,,400,600,,35,,0,60,6,,,,ENERGY,40,,0.1,0.1,,,0,10,1.5,8,,1200,,,,,"energy8, rare_bp, hegemony, independent, sindrian_diktat, lions_guard, tritachyon, persean, pirates, luddic_church, scavengers",,,,General,,,,,,,,,,
Edict Stormblaster,ae_edict,2,,12500,750,,350,300,0,20,24,,,,ENERGY,500,,0.15,2.15,3,0.25,8,8,0,0,,1000,,,,,"energy19, rare_bp, tritachyon, persean, lions_guard, remnant",,,,General,,,,,"Hits on hull or armor arc to weapons and engines, dealing %s of the energy damage and %s of the EMP damage dealt by the original hit.",25% | 100%,,,,
Blacksmith MRM,ae_blacksmith,1,,300,1500,,100,,15,15,5,5,,,HIGH_EXPLOSIVE,0,,0.1,2.9,1,,0,0,0,0,,200,50,8,225,DO_NOT_AIM,"missile8, strike3, ae_relminth_bp, hegemony, independent, sindrian_diktat, lions_guard, persean, scavengers",,Relminth,,Finisher,,,,,,,,,TRUE,
Blacksmith MRM Pod,ae_blacksmith_pod,1,,1200,1500,,100,,15,15,12,16,,,HIGH_EXPLOSIVE,0,,0.1,4.9,2,0.1,0,0,0,0,,200,75,8,225,DO_NOT_AIM,"missile14, strike9, ae_relminth_bp, hegemony, independent, sindrian_diktat, lions_guard, persean, scavengers",,Relminth,,Finisher,,,,,,,,,TRUE,
Blacksmith MRM Rack,ae_blacksmith_phoenix,1,,,1100,,100,,15,15,,2,,,HIGH_EXPLOSIVE,0,,0.1,8,1,,0,0,0,0,,200,0,8,225,"DO_NOT_AIM, SYSTEM","missile8, strike3",,Relminth,,Finisher,,,,,,,,,TRUE,
Lance Cannon,ae_lancecannon,3,0.75,4000,800,,500,,30,25,15,5,0.2,,HIGH_EXPLOSIVE,500,,0.1,2.4,1,,2,2,0,0,,750,,,225,,"he18, rare_bp",,Relminth,,Anti Armor,,,,,,,,,,
Flare Launcher,ae_flarelauncher_am_fighter,,,,400,,10,100,,,,,0,,ENERGY,0,0,0,0.1,3,0.15,60,60,0,0,,150,300,3,1,SYSTEM,,,,,,,,,,,,,,,
,,,,,,,,,,,,,,,,,,,,,,,,,,,,,,,,,,,,,,,,,,,,,,
,,,,,,,,,,,,,,,,,,,,,,,,,,,,,,,,,,,,,,,,,,,,,,
,,,,,,,,,,,,,,,,,,,,,,,,,,,,,,,,,,,,,,,,,,,,,,
,,,,,,,,,,,,,,,,,,,,,,,,,,,,,,,,,,,,,,,,,,,,,,
,,,,,,,,,,,,,,,,,,,,,,,,,,,,,,,,,,,,,,,,,,,,,,
,,,,,,,,,,,,,,,,,,,,,,,,,,,,,,,,,,,,,,,,,,,,,,
,,,,,,,,,,,,,,,,,,,,,,,,,,,,,,,,,,,,,,,,,,,,,,
,,,,,,,,,,,,,,,,,,,,,,,,,,,,,,,,,,,,,,,,,,,,,,
,,,,,,,,,,,,,,,,,,,,,,,,,,,,,,,,,,,,,,,,,,,,,,
,,,,,,,,,,,,,,,,,,,,,,,,,,,,,,,,,,,,,,,,,,,,,,
,,,,,,,,,,,,,,,,,,,,,,,,,,,,,,,,,,,,,,,,,,,,,,
,,,,,,,,,,,,,,,,,,,,,,,,,,,,,,,,,,,,,,,,,,,,,,
,,,,,,,,,,,,,,,,,,,,,,,,,,,,,,,,,,,,,,,,,,,,,,
,,,,,,,,,,,,,,,,,,,,,,,,,,,,,,,,,,,,,,,,,,,,,,
,,,,,,,,,,,,,,,,,,,,,,,,,,,,,,,,,,,,,,,,,,,,,,
,,,,,,,,,,,,,,,,,,,,,,,,,,,,,,,,,,,,,,,,,,,,,,
,,,,,,,,,,,,,,,,,,,,,,,,,,,,,,,,,,,,,,,,,,,,,,
,,,,,,,,,,,,,,,,,,,,,,,,,,,,,,,,,,,,,,,,,,,,,,
,,,,,,,,,,,,,,,,,,,,,,,,,,,,,,,,,,,,,,,,,,,,,,
,,,,,,,,,,,,,,,,,,,,,,,,,,,,,,,,,,,,,,,,,,,,,,
,,,,,,,,,,,,,,,,,,,,,,,,,,,,,,,,,,,,,,,,,,,,,,
,,,,,,,,,,,,,,,,,,,,,,,,,,,,,,,,,,,,,,,,,,,,,,
,,,,,,,,,,,,,,,,,,,,,,,,,,,,,,,,,,,,,,,,,,,,,,
,,,,,,,,,,,,,,,,,,,,,,,,,,,,,,,,,,,,,,,,,,,,,,
,,,,,,,,,,,,,,,,,,,,,,,,,,,,,,,,,,,,,,,,,,,,,,
,,,,,,,,,,,,,,,,,,,,,,,,,,,,,,,,,,,,,,,,,,,,,,
,,,,,,,,,,,,,,,,,,,,,,,,,,,,,,,,,,,,,,,,,,,,,,
,,,,,,,,,,,,,,,,,,,,,,,,,,,,,,,,,,,,,,,,,,,,,,
,,,,,,,,,,,,,,,,,,,,,,,,,,,,,,,,,,,,,,,,,,,,,,
,,,,,,,,,,,,,,,,,,,,,,,,,,,,,,,,,,,,,,,,,,,,,,
,,,,,,,,,,,,,,,,,,,,,,,,,,,,,,,,,,,,,,,,,,,,,,
,,,,,,,,,,,,,,,,,,,,,,,,,,,,,,,,,,,,,,,,,,,,,,
,,,,,,,,,,,,,,,,,,,,,,,,,,,,,,,,,,,,,,,,,,,,,,
,,,,,,,,,,,,,,,,,,,,,,,,,,,,,,,,,,,,,,,,,,,,,,
,,,,,,,,,,,,,,,,,,,,,,,,,,,,,,,,,,,,,,,,,,,,,,
,,,,,,,,,,,,,,,,,,,,,,,,,,,,,,,,,,,,,,,,,,,,,,
,,,,,,,,,,,,,,,,,,,,,,,,,,,,,,,,,,,,,,,,,,,,,,
,,,,,,,,,,,,,,,,,,,,,,,,,,,,,,,,,,,,,,,,,,,,,,
,,,,,,,,,,,,,,,,,,,,,,,,,,,,,,,,,,,,,,,,,,,,,,
,,,,,,,,,,,,,,,,,,,,,,,,,,,,,,,,,,,,,,,,,,,,,,
,,,,,,,,,,,,,,,,,,,,,,,,,,,,,,,,,,,,,,,,,,,,,,
,,,,,,,,,,,,,,,,,,,,,,,,,,,,,,,,,,,,,,,,,,,,,,
,,,,,,,,,,,,,,,,,,,,,,,,,,,,,,,,,,,,,,,,,,,,,,
,,,,,,,,,,,,,,,,,,,,,,,,,,,,,,,,,,,,,,,,,,,,,,
,,,,,,,,,,,,,,,,,,,,,,,,,,,,,,,,,,,,,,,,,,,,,,
,,,,,,,,,,,,,,,,,,,,,,,,,,,,,,,,,,,,,,,,,,,,,,
,,,,,,,,,,,,,,,,,,,,,,,,,,,,,,,,,,,,,,,,,,,,,,
,,,,,,,,,,,,,,,,,,,,,,,,,,,,,,,,,,,,,,,,,,,,,,
,,,,,,,,,,,,,,,,,,,,,,,,,,,,,,,,,,,,,,,,,,,,,,
,,,,,,,,,,,,,,,,,,,,,,,,,,,,,,,,,,,,,,,,,,,,,,
,,,,,,,,,,,,,,,,,,,,,,,,,,,,,,,,,,,,,,,,,,,,,,
,,,,,,,,,,,,,,,,,,,,,,,,,,,,,,,,,,,,,,,,,,,,,,
,,,,,,,,,,,,,,,,,,,,,,,,,,,,,,,,,,,,,,,,,,,,,,
,,,,,,,,,,,,,,,,,,,,,,,,,,,,,,,,,,,,,,,,,,,,,,
,,,,,,,,,,,,,,,,,,,,,,,,,,,,,,,,,,,,,,,,,,,,,,
,,,,,,,,,,,,,,,,,,,,,,,,,,,,,,,,,,,,,,,,,,,,,,
,,,,,,,,,,,,,,,,,,,,,,,,,,,,,,,,,,,,,,,,,,,,,,
,,,,,,,,,,,,,,,,,,,,,,,,,,,,,,,,,,,,,,,,,,,,,,
,,,,,,,,,,,,,,,,,,,,,,,,,,,,,,,,,,,,,,,,,,,,,,
,,,,,,,,,,,,,,,,,,,,,,,,,,,,,,,,,,,,,,,,,,,,,,
,,,,,,,,,,,,,,,,,,,,,,,,,,,,,,,,,,,,,,,,,,,,,,
,,,,,,,,,,,,,,,,,,,,,,,,,,,,,,,,,,,,,,,,,,,,,,
,,,,,,,,,,,,,,,,,,,,,,,,,,,,,,,,,,,,,,,,,,,,,,
,,,,,,,,,,,,,,,,,,,,,,,,,,,,,,,,,,,,,,,,,,,,,,
,,,,,,,,,,,,,,,,,,,,,,,,,,,,,,,,,,,,,,,,,,,,,,
,,,,,,,,,,,,,,,,,,,,,,,,,,,,,,,,,,,,,,,,,,,,,,
,,,,,,,,,,,,,,,,,,,,,,,,,,,,,,,,,,,,,,,,,,,,,,
,,,,,,,,,,,,,,,,,,,,,,,,,,,,,,,,,,,,,,,,,,,,,,
,,,,,,,,,,,,,,,,,,,,,,,,,,,,,,,,,,,,,,,,,,,,,,
,,,,,,,,,,,,,,,,,,,,,,,,,,,,,,,,,,,,,,,,,,,,,,
,,,,,,,,,,,,,,,,,,,,,,,,,,,,,,,,,,,,,,,,,,,,,,
,,,,,,,,,,,,,,,,,,,,,,,,,,,,,,,,,,,,,,,,,,,,,,
,,,,,,,,,,,,,,,,,,,,,,,,,,,,,,,,,,,,,,,,,,,,,,
,,,,,,,,,,,,,,,,,,,,,,,,,,,,,,,,,,,,,,,,,,,,,,
,,,,,,,,,,,,,,,,,,,,,,,,,,,,,,,,,,,,,,,,,,,,,,
,,,,,,,,,,,,,,,,,,,,,,,,,,,,,,,,,,,,,,,,,,,,,,
,,,,,,,,,,,,,,,,,,,,,,,,,,,,,,,,,,,,,,,,,,,,,,
,,,,,,,,,,,,,,,,,,,,,,,,,,,,,,,,,,,,,,,,,,,,,,
,,,,,,,,,,,,,,,,,,,,,,,,,,,,,,,,,,,,,,,,,,,,,,
,,,,,,,,,,,,,,,,,,,,,,,,,,,,,,,,,,,,,,,,,,,,,,
,,,,,,,,,,,,,,,,,,,,,,,,,,,,,,,,,,,,,,,,,,,,,,
,,,,,,,,,,,,,,,,,,,,,,,,,,,,,,,,,,,,,,,,,,,,,,
,,,,,,,,,,,,,,,,,,,,,,,,,,,,,,,,,,,,,,,,,,,,,,
,,,,,,,,,,,,,,,,,,,,,,,,,,,,,,,,,,,,,,,,,,,,,,
,,,,,,,,,,,,,,,,,,,,,,,,,,,,,,,,,,,,,,,,,,,,,,
,,,,,,,,,,,,,,,,,,,,,,,,,,,,,,,,,,,,,,,,,,,,,,
,,,,,,,,,,,,,,,,,,,,,,,,,,,,,,,,,,,,,,,,,,,,,,
,,,,,,,,,,,,,,,,,,,,,,,,,,,,,,,,,,,,,,,,,,,,,,
,,,,,,,,,,,,,,,,,,,,,,,,,,,,,,,,,,,,,,,,,,,,,,
,,,,,,,,,,,,,,,,,,,,,,,,,,,,,,,,,,,,,,,,,,,,,,
,,,,,,,,,,,,,,,,,,,,,,,,,,,,,,,,,,,,,,,,,,,,,,
,,,,,,,,,,,,,,,,,,,,,,,,,,,,,,,,,,,,,,,,,,,,,,
,,,,,,,,,,,,,,,,,,,,,,,,,,,,,,,,,,,,,,,,,,,,,,
,,,,,,,,,,,,,,,,,,,,,,,,,,,,,,,,,,,,,,,,,,,,,,
,,,,,,,,,,,,,,,,,,,,,,,,,,,,,,,,,,,,,,,,,,,,,,
,,,,,,,,,,,,,,,,,,,,,,,,,,,,,,,,,,,,,,,,,,,,,,
,,,,,,,,,,,,,,,,,,,,,,,,,,,,,,,,,,,,,,,,,,,,,,
,,,,,,,,,,,,,,,,,,,,,,,,,,,,,,,,,,,,,,,,,,,,,,
,,,,,,,,,,,,,,,,,,,,,,,,,,,,,,,,,,,,,,,,,,,,,,
,,,,,,,,,,,,,,,,,,,,,,,,,,,,,,,,,,,,,,,,,,,,,,
,,,,,,,,,,,,,,,,,,,,,,,,,,,,,,,,,,,,,,,,,,,,,,
,,,,,,,,,,,,,,,,,,,,,,,,,,,,,,,,,,,,,,,,,,,,,,
,,,,,,,,,,,,,,,,,,,,,,,,,,,,,,,,,,,,,,,,,,,,,,
,,,,,,,,,,,,,,,,,,,,,,,,,,,,,,,,,,,,,,,,,,,,,,
,,,,,,,,,,,,,,,,,,,,,,,,,,,,,,,,,,,,,,,,,,,,,,