{
	tips:[
	{"freq":0, "tip":"Welcome to the SoTF tips.json, a wonderful place of learning and sharing information. Glad to have you here. This is how you make tips with custom frequencies! Neat, huh?"},
	
	#"[SoTF - Watcher Beyond the Walls] With the right connection, you can call for help with large bounties and other challenges. The larger your fleet, the more help will arrive.",
	{"freq":0.75, "tip":"[SoTF - Watcher Beyond the Walls] Treasure your friendships."},
	#{"freq":0.5, "tip":"[SoTF - Watcher Beyond the Walls] Loose lips sink ships."},
	{"freq":0.2, "tip":"[SoTF - Watcher Bey :: :: ] Your actions have consequences."},
	
	"[SoTF - Tactical Expansion] In larger battles, you may encounter defensive emplacements that can be reprogrammed to provide fire support to your fleet.",
	"[SoTF - Tactical Expansion] In certain star systems, you may encounter objectives that attract respawning droneship reinforcements. With the Automated Ships skill, any spare AI cores in your cargo can remotely captain these drones.",
	"[SoTF - Frontier Development] At stable locations, you can build orbital habitats that provide a hazard reduction to planets in-system. Additionally, they can be upgraded into outposts, which serve as limited-growth markets, ideal for non-resource-dependent industries.",
	
	
	
	
	
	
	
	
	
	
	
	
	
	
	
	
	
	
	
	
	
	
	
	
	
	
	
	
	
	
	
	# Looking for tips against Felcesis' adaptive nanite invasions? Here, have some.
	{"freq":0, "tip":"[SoTF - Watcher Bey :: :: ] Cyberwarfare Protocols and Jubilant Tech-Siren can be blocked more often with Gunnery Implants and ECM Package. It can be mitigated by hullmods such as Automated Repair Unit, Reinforced Flux Conduits, and especially ECCM Package - successful hacks have their effects reduced by ECM-range-penalty modifiers."},
	{"freq":0, "tip":"[SoTF - Watcher Bey :: :: ] Leviathan's Bane can only target ships of larger size. The Hyperion and other superfrigates can hunt down Fel without ever risking a lock, and an especially mobile or phase-capable flagship can dodge incoming cryoharpoons - the lidar beam shows its trajectory."},
	{"freq":0, "tip":"[SoTF - Watcher Bey :: :: ] Be careful when finishing off Felcesis if they have Elegy of Opis - it gives them a few extra chances to finish the job."},
	{"freq":0, "tip":"[SoTF - Watcher Bey :: :: ] When deployed by Felcesis, Dotty is extremely powerful - but once banished, she's gone for good."},
	{"freq":0, "tip":"[SoTF - Watcher Bey :: :: ] Wispering Grovetender can overwhelm you with wisps in fighter-heavy battles. Wisps are best killed with beams and frag weapons - they're small and hard to hit, but beams don't miss, and they have no armor!"},
	{"freq":0, "tip":"[SoTF - Watcher Bey :: :: ] Hellhide of Hades can't regenerate if it has recently mitigated any damage. Press the attack! Even a Vulcan shot to an exposed engine will do the trick."},
	
    ],    
}