id,obj_id,extra_distance,weight
fronsec_turret_Gauss,fronsec_objective_turret,0,0.25
fronsec_turret_Devastator,fronsec_objective_turret,0,0.25
fronsec_turret_Needler,fronsec_objective_turret,0,0.25
fronsec_turret_MKIX,fronsec_objective_turret,0,0.25
fronsec_hangar_Attack,fronsec_objective_turret,0,0.33
fronsec_hangar_Bomber,fronsec_objective_turret,0,0.33
fronsec_hangar_Support,fronsec_objective_turret,0,0.33
fronsec_bombardier_LRM,fronsec_objective_turret,0,0.5
fronsec_bombardier_Mines,fronsec_objective_turret,0,0.5
fronsec_rem_turret_Defense,fronsec_objective_rem_turret,0,0.33
fronsec_rem_turret_PD,fronsec_objective_rem_turret,0,0.33
fronsec_rem_turret_Lance,fronsec_objective_rem_turret,0,0.33
fronsec_rem_hangar_Attack,fronsec_objective_rem_turret,0,0.5
fronsec_rem_hangar_Bomber,fronsec_objective_rem_turret,0,0.5