id,trigger,conditions,script,text,options,notes
# rest,,,,,,
restOpenDialog,OpenInteractionDialog,$customType == omicron_object,"AddText ""As you approach the ship, you receive a communications request. After accepting it, a message appears on the main screen of your bridge.""
AddText ""hello. have you seen sierra?"" omicronTextColor
AEPersonVisual portrait_omicron
ShowDefaultVisual
AECheckForCore
FireBest RestMainOptions",,,
restOpenDialogOmicronMet,OpenInteractionDialog,"$tag:sierraRest
$aemetomicron score:100","AddText ""As you approach the ship, you receive a communications request. After accepting it, a message appears on the main screen of your bridge.""
AddText ""hello. it is you again."" omicronTextColor
ShowDefaultVisual
AECheckForCore
AEPersonVisual portrait_omicron
FireBest RestMainOptions",,,
restMainOptions,RestMainOptions,,"SetShortcut restLeave ""ESCAPE""",,"0:restVisit:""Who are you?""
1:restMakeOffering:Ask it what it wants
2:restLeave:Leave",
,,,,,,
restWho,DialogOptionSelected,$option == restVisit,"SetShortcut restLeave ""ESCAPE""
AddText ""There is a pause before another message appears on your bridge's screen.""
AddText ""i am OMICRON. a relic. i require some assistance. remnants of tri-tachyon's AI horde have taken posession of sierra. a fleet of scavengers offered to lead me to her, but they betrayed us. you can estimate what the outcome of that was."" omicronTextColor
AddText ""The AI pauses as you look at the debris and dead ships orbiting his ship.""
AddText ""they are holding her at a research station in this system. i do not know what they are going to do with her, and i am too damaged to fight them myself."" omicronTextColor
AddText ""You detect the damaged ship's sensors sweep over your $shipOrFleet.""
AddText ""preliminary scan shows you are a capable combatant. if you help me, i will help you."" omicronTextColor
FireBest RestMainOptions
CallEvent $promise_eventRef whoAreYou
$aemetomicron = true",,,
restWhoOmicronMet,DialogOptionSelected,"$option == restVisit
$aemetomicron score:10","SetShortcut restLeave ""ESCAPE""
AddText ""There is a pause before another message appears on your bridge's screen.""
AddText ""i find it tedious to repeat myself. sierra is in a station nearby. remnants protect it. i cannot destroy them."" omicronTextColor
AddText ""if you help me, i will help you."" omicronTextColor
FireBest RestMainOptions",,,
restLeave,DialogOptionSelected,$option == restLeave,DismissDialog,,,
,,,,,,
# giving him the goods,,,,,,
restOfferingEnough,DialogOptionSelected,"$option == restMakeOffering
$ae_sierracore >= 1","AddText ""A message flickers onto your screen.""
AddText ""you have sierra. i would request that you give her to me."" omicronTextColor
AddText ""It appears as though he wants the AI core sitting in your cargo holds.""
SetTextHighlightColors buttonShortcut
SetTextHighlights 10",,"0:restGiveOffering:Give him your Sierra AI Core
1:restCancelOffering:Refuse",
restOfferingNotEnough,DialogOptionSelected,$option == restMakeOffering,"AddText ""A message flickers onto your screen.""
AddText ""you do not have sierra. i would be grateful if you could return her."" omicronTextColor
SetTextHighlightColors buttonShortcut
SetTextHighlights 10",,,
restGiveOffering,DialogOptionSelected,$option == restGiveOffering,"AddText ""You eject the Sierra core in a pod aimed towards Omicron's ship. A few autonomous drones appear on your radar and complete the transfer to his ship.""
AddText ""thank you."" omicronTextColor
AddText ""There is a brief pause.""
AddText ""i am led to believe that perhaps she would be safer in your hands than mine."" omicronTextColor
AddText ""her AI is powerful. i am sure you will make good use of her potential. what do you think?"" omicronTextColor
AETakeCore
AEUpdateEndPromise nextStage
$restofferingMade = true
FireBest RestPickReward",,"0:restPickShip:""I could do with another warship.""
2:restRefuseReward:""I don't have any use for her.""",
,,,,,,
restShipPicked,DialogOptionSelected,$option == restPickShip,"AddText ""very well. i will restore her to her host cruiser. i'm sure she will be of great aid."" omicronTextColor
AddText ""additionally, if you ever require assistance, broadcast this signal. a splinter of my AI will arrive and help you if you are in danger or require reinforcements."" omicronTextColor
AddText ""i think we will be seeing each other again. farewell, starfarer."" omicronTextColor
AddAbility ae_omicroncall
AEAddVow
SetShortcut restLeave ""ESCAPE""",,restEnd:Leave,
restRewardRefused,DialogOptionSelected,$option == restRefuseReward,"AddText ""There is a pause. You have a feeling that Omicron didn't anticipate that.""
AddText ""... very well. i will take care of her for now."" omicronTextColor
AddText ""if you ever require assistance, broadcast this signal. a splinter of my AI will arrive and help you if you are in danger or require reinforcements."" omicronTextColor
AddText ""i think we will be seeing each other again. farewell, starfarer."" omicronTextColor
AddAbility fronsec_requestassistance
SetShortcut restLeave ""ESCAPE""",,restEnd:Leave,
restCancelOffering,DialogOptionSelected,$option == restCancelOffering,FireBest RestMainOptions,,,
restEnd,DialogOptionSelected,$option == restEnd,"DismissDialog
AEGoDark",,,
,,,,,,
restUnavailable,OpenInteractionDialog,$tag:PromiseUnavailable score:100,SetShortcut defaultLeave ESCAPE,"The distress pings continue as you close in on the station. You're advised by an officer that phase-related energy signatures can be detected within - alongside a hearty number of Remnant warships.

Exploration at this time seems unwise.",defaultLeave:Leave,
,,,,,,
# omicron minion(s),,,,,,
oMinion1Approach,OpenInteractionDialog,$customType == omicron_minion1,"AddText ""You approach the damaged ship.""
AddText ""It is scarred by energy burns and bulletholes, with several key systems offline. It attempts to communicate with you.""",,0:oMinion1Continue:Accept the communications request,
oMinion1OpenDialog,DialogOptionSelected,$option == oMinion1Continue,"AddText ""ERROR HEAVY DAMAGE SUSTAINED SUB-SPLINTER vox_echo_haven UNABLE TO CONTIUE MISSION IN \""PROMISE\"" SYSTEM"" redMinionTextColor
AddText ""It then transmits garbled nav-data pointing towards this supposed \""Promise\"". Your navigational systems are thankfully able to calculate the system's location.""
AddText ""Your view of the ship suddenly erupts in light as several scuttling charges detonate, blowing the ship to pieces.""
AEPersonVisual portrait_red
CallEvent $promise_eventRef investigate
FireBest Minion1Options",,,
oMinion1Options,Minion1Options,,"SetShortcut oMinionLeave ""ESCAPE""",,0:oMinionLeave:Leave,
oMinionLeave,DialogOptionSelected,$option == oMinionLeave,"DismissDialog
AEExplode",,,
,,,,,,
# omicron escort fleet,,,,,,
omicronEscortDialogue,OpenCommLink,$faction.id == omicron_faction score:100,"$menuState = fleetConvMain 0
FireAll PopulateOptions","""i have arrived. ready to assist with potential fleet combat.""
OR
""hello, again.""
OR
""i return the favor.""
OR
""you called. i answer.""
OR
""subroutines activated, ready for your mark.""",,
,,,,,,
# ninth battlegroup,,,,,,
greetingIXFriendly,OpenCommLink,"$faction.id == ae_ixbattlegroup
$faction.friendlyToPlayer","$menuState = fleetConvMain 0
FireAll PopulateOptions","""Acknowledging ID codes - good to see you, cap'n.""
OR
""Your $shipOrFleet has been scanned and identified, everything is in order. Good hunting.""
OR
""Scanned and identified, you're flying pretty, bud. Clean jumps and high burn."" $PersonRank $personName gives a thumbs up and signs off with a flash of the battlegroup insignia.",,
greetingIXHostileWeaker,OpenCommLink,"$faction.id == ae_ixbattlegroup
$entity.isHostile
$entity.relativeStrength < 0",$entity.ignorePlayerCommRequests = true 1,"""I know what I signed up over. Bring it, then.""
OR
""Just part of the job."" The Ninth Battlegroup $personRank sighs and then cuts the feed.
OR
The Ninth Battlegroup $personRank gives you a glare and cuts the line without a word.
OR
The enemy captain looks grim. ""Fine. I'll see you in hell."" There's a pause, and then the feed cuts.
OR
$PersonRank $personName slams on the console. ""Don't think we'll lie over and die, you dog.""
",cutCommLink:Cut the comm link,
greetingIXHostileWeakerDefiant,OpenCommLink,"$faction.id == ae_ixbattlegroup
$entity.isHostile
$entity.relativeStrength < 0
$entity.weakerThanPlayerButHolding",$entity.ignorePlayerCommRequests = true 1,"The $personRank spits on their console's screen and then promptly cuts the comm-link.
OR
You're treated to the sight of $PersonRank $personName rudely gesturing, and then to static.
OR
$PersonRank $personName hurls a few epithets and storms off. The feed self-terminates shortly after.
OR
""Think you're real tough, huh? We'll see about that.""
OR
""To the last.""
OR
""For the Ninth.""
OR
The Ninth Battlegroup $personRank taps on a Tri-Pad. $HeOrShe then looks at you. ""Reinforcements on their way. Let's tidy this up, then.""
OR
$personName leans back. ""Screw it. Let's do this.""",cutCommLink:Cut the comm link,
greetingIXHostileStronger,OpenCommLink,"$faction.id == ae_ixbattlegroup
$entity.isHostile
$entity.relativeStrength >= 0",$entity.ignorePlayerCommRequests = true 1,"The enemy $personRank laughs. ""Ready to die, worm?""
OR
$PersonRank $personName looks confused. ""Whatever you're about to say, I don't care."" They cut the link.
OR
""Oh, I'm gonna love this."" $PersonRank $personName rubs $hisOrHer hands together.
OR
Already in the middle of disengaging safeties on $hisOrHer flagship, $PersonRank $personName reaches over and shuts off the commlink without even looking at you.",cutCommLink:Cut the comm link,
greetingIXNeutral,OpenCommLink,"$faction.id == ae_ixbattlegroup
$faction.neutralToPlayer","$menuState = fleetConvMain 0
FireAll PopulateOptions","""You have been scanned and identified. If nothing is amiss, we shall be on our way.""
OR
The Ninth Battlegroup $personRank looks impatient. ""Is there an emergency to report? No? Then carry on.""",,
,,,,,,
beaconOpenDialogIXFortified,OpenInteractionDialog,"$tag:warning_beacon
$ixwarningbeacon","ShowDefaultVisual
SetShortcut beaconLeave ""ESCAPE""","This autonomous warning beacon emits a looping message.

""WARNING: This star system has been claimed by the Domain Naval Armada, Ninth Battlegroup. Enter, and be annihilated.""",beaconLeave:Leave,