{	

        "SOTF_SIERRA":{
		"engineColor":[125,125,225,255],
		"contrailParticleSizeMult":4,
		"contrailParticleDuration":2,
		"contrailParticleFinalSizeMult":2.5,
		"contrailMaxSpeedMult":0.5,
		"contrailAngularVelocityMult":0,
		"contrailColor":[125,125,225,25],
		"contrailCampaignColor":[125,125,225,25],
		"type":"GLOW" # GLOW or SMOKE
	},
	
	"SOTF_WISP":{
		"engineColor":[155,125,225,255],
		"contrailParticleSizeMult":8,
		"contrailParticleDuration":2,
		"contrailParticleFinalSizeMult":1,
		"contrailMaxSpeedMult":0.5f,
		"contrailAngularVelocityMult":0f,
		"contrailColor":[155,125,225,25],
		"glowSizeMult":20,
		"glowAlternateColor":[155,125,225,255],
		"type":"GLOW" # GLOW or SMOKE
	},
             	
}

