{
	"fronsec_apromise_station":{
		"defaultName":"Anomalous Station", # used if name=null in addCustomEntity()
		"defaultRadius":45, # used if radius<0 in addCustomEntity()
		"icon":"graphics/icons/station0.png",
		"nameInText":"anomalous station",
		"shortName":"station",
		"iconWidth":20,
		"iconHeight":20,
		"sprite":"graphics/stations/station_side00.png",
		"spriteWidth":40,
		"spriteHeight":40,
		"detectionRange":2000,
		"discoverable":true,
		"discoveryXP":1000,
		"renderShadow":true,
		"useLightColor":true,
		"showInCampaign":true,
		"showIconOnMap":true,
		"showNameOnMap":false,
		"scaleNameWithZoom":false,
		"scaleIconWithZoom":true,
		"nameFont":"graphics/fonts/orbitron20aabold.fnt", # font has to be one of the ones already loaded by the game
		"nameFontScale":1,
		"nameAngle":0,
		"nameColor":[205,155,255,255],
		"nameShadowColor":[0,0,0,255],
		"customDescriptionId":"fronsec_promise_station",
		"interactionImage":"graphics/illustrations/orbital_construction.jpg",
		"tags":["has_interaction_dialog", "salvageable", "neutrino"],
		"layers":[STATIONS],
		"pluginClass":"data.scripts.plugins.FronSecPromiseStationPlugin",
	},
	
	"fronsec_apromise_omicron":{
		"defaultName":"ODS Dark Matters", # used if name=null in addCustomEntity()
		"defaultRadius":30, # used if radius<0 in addCustomEntity()
		"icon":"graphics/icons/entity_hollow.png",
		"iconColor":[0,255,158,255],
		"iconWidth":20,
		"iconHeight":20,
		"sprite":"graphics/ships/remnants/remnant_cruiser1.png",
		"spriteWidth":12,
		"spriteHeight":15,
		"detectionRange":1000,
		"renderShadow":true,
		"useLightColor":true,
		"showInCampaign":true,
		"showNameOnMap":false,
		"scaleNameWithZoom":false,
		"scaleIconWithZoom":true,
		"nameFont":"graphics/fonts/orbitron20aabold.fnt", # font has to be one of the ones already loaded by the game
		"nameFontScale":1,
		"nameAngle":0,
		"nameColor":[0,255,158,255],
		"nameShadowColor":[0,0,0,255],
		"customDescriptionId":"fronsec_omicron_object",
		"tags":["has_interaction_dialog", "neutrino"],
		"layers":[STATIONS],
		"pluginClass":"data.scripts.plugins.FronSecAPOmiEntityPlugin",
	},
	
	"fronsec_apromise_vena":{
		"defaultName":"Disabled Frigate", # used if name=null in addCustomEntity()
		"defaultRadius":20, # used if radius<0 in addCustomEntity()
		"icon":"graphics/icons/fleet0.png",
		"iconColor":[0,255,158,255],
		"iconWidth":20,
		"iconHeight":20,
		"sprite":"graphics/ships/remnants/remnant_frigate1.png",
		"spriteWidth":10,
		"spriteHeight":10,
		"detectionRange":500,
		"discoverable":true,
		"discoveryXP":1000,
		"renderShadow":true,
		"useLightColor":true,
		"showInCampaign":true,
		"showIconOnMap":true,
		"showNameOnMap":false,
		"scaleNameWithZoom":false,
		"scaleIconWithZoom":true,
		"nameFont":"graphics/fonts/orbitron20aabold.fnt", # font has to be one of the ones already loaded by the game
		"nameFontScale":1,
		"nameAngle":0,
		"nameColor":[0,255,158,255],
		"nameShadowColor":[0,0,0,255],
		"customDescriptionId":"fronsec_omicron_minion",
		"interactionImage":"graphics/illustrations/space_wreckage.jpg",
		"tags":["has_interaction_dialog", "neutrino"],
		"layers":[STATIONS],
		"pluginClass":"data.scripts.plugins.FronSecAPVenaEntityPlugin",
	},
	
	"fronsec_askoniaprobe":{
		"defaultName":"Asteroid", # used if name=null in addCustomEntity()
		"defaultRadius":20, # used if radius<0 in addCustomEntity()
		"icon":"graphics/icons/fleet0.png",
		"iconColor":[0,255,158,255],
		"iconWidth":20,
		"iconHeight":20,
		"sprite":"graphics/asteroids/asteroid1.png",
		"spriteWidth":10,
		"spriteHeight":10,
		"detectionRange":150,
		"renderShadow":true,
		"useLightColor":true,
		"showInCampaign":true,
		"showIconOnMap":false,
		"showNameOnMap":false,
		"scaleNameWithZoom":false,
		"scaleIconWithZoom":true,
		"nameFont":"graphics/fonts/orbitron20aabold.fnt", # font has to be one of the ones already loaded by the game
		"nameFontScale":1,
		"nameAngle":0,
		"nameColor":[0,255,158,255],
		"nameShadowColor":[0,0,0,255],
		"customDescriptionId":"fronsec_askoniaprobe",
		"interactionImage":"graphics/illustrations/free_orbit.jpg",
		"tags":["has_interaction_dialog", "neutrino"],
		"layers":[TERRAIN_7A],
		"pluginClass":"data.scripts.plugins.FronSecAskoniaProbePulsePlugin",
	},
	
	
	"fronsec_habitat_makeshift":{
		"baseId":"base_campaign_objective",
		"defaultName":"Orbital Habitat", # used if name=null in addCustomEntity()
		"nameInText":"orbital habitat",
		"shortName":"orbital habitat",
		"icon":"graphics/icons/station0.png",
		"iconWidth":20,
		"iconHeight":20,
		"sprite":"graphics/stations/station_side06.png",
		"spriteWidth":60,
		"spriteHeight":60,
		"customDescriptionId":"fronsec_habitat_makeshift",
		"interactionImage":"graphics/illustrations/orbital_construction.jpg",
		"tags":["neutrino_high", "objective", "station", "makeshift"],
		"layers":[STATIONS], # what layer(s) to render in. See CampaignEngineLayers.java for possible values
		"pluginClass":"data.scripts.plugins.FronSecHabitatEntityPlugin",
	},
	
	"fronsec_outpost":{
		"defaultName":"Outpost", # used if name=null in addCustomEntity()
		"defaultRadius":60, # used if radius<0 in addCustomEntity()
		"customDescriptionId":"orbital_station_default",
		"interactionImage":"graphics/illustrations/orbital.jpg",
		"icon":"graphics/icons/station0.png",
		"iconWidth":20,
		"iconHeight":20,
		"sprite":"graphics/stations/station_side00.png",
		"spriteWidth":80,
		"spriteHeight":80,
		"renderShadow":true,
		"useLightColor":true,
		"showInCampaign":true,
		"showIconOnMap":true,
		"showNameOnMap":false,
		"scaleNameWithZoom":false,
		"scaleIconWithZoom":true,
		"tags":["station"],
		"pluginClass":"data.scripts.plugins.FronSecOutpostPlugin",
		"layers":[STATIONS], # what layer(s) to render in. See CampaignEngineLayers.java for possible values
	},
	
	"fronsec_sensorghost":{
    	"defaultName":"Sensor Contact", # used if name=null in addCustomEntity()
		"nameInText":"sensor contact",
		"shortName":"contact",
		"showInCampaign":true,
		"showIconOnMap":false,
		"showNameOnMap":false,
		"defaultRadius":30,
		"aOrAn":"a",
		"isOrAre":"is",
		"iconWidth":30,
		"iconHeight":30,
		"scaleNameWithZoom":false,
		"scaleIconWithZoom":true,
		"renderCircleIndicator":true,
		"renderCircleIndicatorSelectionFlash":true,
		"pluginClass":"data.scripts.plugins.FronSecGhostPlugin",
	},
	
	"fronsec_sensorghost_med":{
    	"baseId":"fronsec_sensorghost",
		"defaultRadius":45,
	},
	
	"fronsec_sensorghost_big":{
    	"baseId":"fronsec_sensorghost",
		"defaultRadius":200,
	},
	
}