fieldID,fieldName,fieldType,defaultValue,secondaryValue,fieldDescription,minValue,maxValue,tab
sotf_lockoutStarts,Start Requirements,Boolean,true,,"Certain Nexerelin starts require that the player fulfils certain requirements first:

[Banshee's Lost Thread] requires 80 percent or higher in the [Dawn and Dust] mission",,,General
sotf_convoChance,Conversation Chance,Double,0.25,,Chance certain unique officers will have a brief conversation at the start of a battle.,0,1,General
,,,,,,,,
sotf_guiltHeader,Guilt Score,Header,Guilt,,,,,Guilt
sotf_bonusGuilt,Bonus Guilt,Int,0,,"Value added to (or if negative, subtracted from) the player's accumulated guilt value.",-50,50,Guilt
sotf_hauntedGuilt,The Haunted Starting Guilt,Int,7,,Starting guilt in the [The Haunted] Nexerelin custom start and background.,0,50,Guilt
,,,,,,,,
sotf_guiltInvasionHeader,Adaptive Nanite Swarm,Header,Adaptive Nanite Swarm,,,,,Guilt
sotf_invasionThreshold,Invasion Threshold,Int,4,,"When total guilt reaches this level, an [adaptive nanite swarm] will begin invading the player's battles to punish them.",0,25,Guilt
sotf_invasionChance,Base Chance,Double,0.15,,The base chance of being invaded in a given battle.,0,1,Guilt
sotf_invasionChancePerGuilt,Chance Per Additional Guilt,Double,0.09,,Increase in invasion chance per point of guilt beyond the invasion threshold.,0,1,Guilt
sotf_madnessThreshold,Madness Threshold,Int,7,,"Guilt threshold at which the player's perception of their hunter changes, becoming more unreliable and ethereal.",0,50,Guilt