{
	"GENERAL":
	[
		"A Gift From Walter",
		"Battler of Montrose",
		"Blue Monday",
		"Bystander",
		"Can And Shall Obey",
		"Candles In The Black",
		"Come Get Some",
		"Contact Light",
		"Dance With Me",
		"Death is A Bird Flying",
		"Dragoon On A Dun",
		"Dragonslayer",
		"Dreamcatcher",
		"Dust to Dust",
		"Elisa Swan",
		"Everwinter",
		"Free and Wild",
		"Fury of The Fallen",
		"Health to the Company",
		"Here We Stand",
		"Hog-Eye",
		"Hundred Swords",
		"Hydra's Sixtieth Head",
		"In Memory of Dotty",
		"Instar Emergence",
		"Lady Fortune",
		"Line in the Sand",
		"Lonely Thing",
		"Oath And Veil",
		"Oh Hello",
		"Oldguard",
		"One More Thing",
		"Queen-To-Be",
		"Raindance",
		"Reap and Sow",
		"Relic of Old Times",
		"Safe Travels",
		"Silent Whisper",
		"Songs to the Sea",
		"Songless",
		"Steelheart",
		"Tears Shed, Vows Made",
		"Thirty-Three-Oh-One",
		"Undying Will",
		"Watcher Beyond the Walls",
		"Winter's Thrall",
		"What A Letdown",
		"Wraith In The Mirror",
	],
	"PIRATES":
	[
		"Beast Beyond The Walls",
		"Better Than Talon Duty",
		"Big Guns And Bigger Dreams",
		"Black Hole Colonist",
		"Blackfire",
		"By God Be Shootin'",
		"Deserter",
		"Devilishly Handsome",
		"It's High Moon",
		"It's Raining Fuel", 
		"Kanta's Hand",
		"Look Ma, No Safeties",
		"One-Ship Deathball",
		"One-Ship Riot",
		"Queen of the Gallows",
		"Rabble's Revenge",
		"Randy Dandy Oh",
		"Soul Eater",
		"Speared Wraith",
		"Stranger III",
		"Talon Duty",
		"Texas Red",
		"The One That Didn't Get Away",
		"Too Many Lokes",
		"Tooth and Claw",
		"Turncloak",
		"Unsavory Dealings",
		"Wolf of the Pack",
		"Wretched Englishman",
	],
	#"BRITISH_NAVY":
	#[
		
	#],
	#"MERCANTILE":
	#[
		
	#],
	"SPACE":
	[
		"A Moment, Fractured",
		"A Moment, Whole",
		"Dance Between Time",
		"Dreameater's Promise",
		"Eye of the Oracle",
		"Heir of Nothing",
		"Interconnectedness",
		"Leviathan Between Realms",
		"Once in a Lullaby",
		"Stardust",
		"The Moon Will Sing",
		"Wayward Star",
		"Violet Star",
	],
	"FRONSEC_EIDOLON":
	[
		"Beast Bey :  : th : alls",
		"L : ST ONE GUI : US",
		"Dance Wi : : Me",
		"Dreame : ter's Pr:mise",
		"Etherdr :: ke's : ath",
		"Eve : win : er's Ca ::",
		"Eye : f the O: :acle",
		": : I SEE YOU : :",
		"Levi : han Bet : : en Realms",
		"NO : ORE C : AINS :",
		"The M : : n Will S: ng",
		"YOU CAN : OT ESCA :",
		"query? ? ? : :",
		"null",
		"true",
		"false",
	],
	"HEGEMONY":[
		"Shield of Eventide",
	],
}
