id,type,text1,text2,text3,notes
ae_reaver,SHIP,"A heavy assault fighter built to take on large warships, the Reaver is armed with almost frigate-level weaponry, strong defenses and two Wasp interceptors that ensure it cannot be swarmed by other fighters.",,,
ae_bombardier,SHIP,"Based on the Pirahna bomber, the Bomboardier fires long streams of kinetic missiles from equally long range, pressuring hostile ships and their shields, and also effectively distracting point-defense systems with many small and fast moving targets. It cannot stray far from its carrier, relying on it for targeting feeds.",,,
ae_torment,SHIP,"An anvil to the Hammerhead's, well, hammer, the Torment-class is a highly defensive destroyer able to more easily stand its ground than most of its peers, boasting heavy armor and missiles that punish careless attackers. The Torment has remarkably good reactor performance for its cost, partly due to an auxiliary generator attached to its back, which both increases the rate at which flux is dissipated and provides an additional shield, meaning the Torment is often protected in situations where others would be left highly vulnerable, such as during overloads and while actively venting. However, the Torment is slow and aside from its missiles, it has rather weak direct firepower.

The independent nature of the generator can be a liability - it is vulnerable to enemy weapons fire during combat, and if it is destroyed the Torment suffers a large reduction in combat capability. As a result, the Torment is highly vulnerable to rear attacks, and a serious lack of rear-facing firepower does not help matters.

As such, the Torment performs well at hardening a fleet's lines, where its vulnerabilities are lessened and the value of a destroyer that requires a cruiser's firepower to dent is fully realised.",,,
ae_pigeon,SHIP,"From the golden age of the Domain comes the Pigeon-class courier. Unusually for ships from such an era, it sacrifices durability for mobility, and is suited for scouting or delivering urgent cargo and passengers in safety, as it can easily escape most pursuers.

Although it is often used as a civilian craft, the Pigeon is armed and armored to be able to fight off frigates that try and chase it down. If needed, it can fight back with a nasty nip, and nowadays, fleet admirals in the Sector use it to hunt down and destroy escaping ships, helped by its versatile weapons array that can mount strike missiles to quickly bomb strategic targets, support missiles to escort an ally, or forgo missiles entirely if more ballistic firepower is needed.

",,,
ae_scrapper,SHIP,"Old but reliable, this defensive frigate was an initial response to the threat of guided missile barrages to larger warships. Equipped with a Mark III Fleet Countermeasure System that quickly disperses anti-missile flares in all directions, it can provide cover for both itself and any nearby allies. A small integrated flak cannon is highly effective versus swarms of SRMs and light interceptors like the Talon. Heavy armor and reinforced bulkheads make the Scrapper durable for its size, although the shield generator installed in updated versions of the blueprint is somewhat lacking.",,,
ae_clio,SHIP,"A capital ship's best friend, the Clio's internal computing systems allow it to link to nearby allies, taking off stress and optimising engines and defenses to ensure smooth and steady performance. Wide weapon arcs and a powerful escort drone further solidify its role as a top-of-the-line escort, excelling when strategically placed alongside large vessels or into packed battle lines.",,,
ae_mimic,SHIP,"Small fighter capable of deploying identical, yet harmless copies, to draw fire and keep ships distracted while more lethal wings can close in for the kill.",,,
ae_cavalier,SHIP,"Although automated machines of war were forbidden in core Domain space, war drones were quietly employed outside of officially incorporated volume. Frontier garrisons were often bolstered by drone ships, and they were deployed liberally against rebellious worlds to tip the terrible balance of attrition, setting the industrial might of the Domain versus the lives of 'freedom fighters'.

Designed to serve a similar role to the Picket-class drone, the Cavalier was often used by the Domain to quickly hunt down and eliminate rebel frigates and destroyers that were too well-armed or fast for smaller drones to swarm and take down. Although it is fast and durable enough to pose a serious threat to ships smaller than itself, it falters when tasked with engaging other cruisers, where it needs support to avoid being wiped out by high-explosive weaponry.",,,
ae_flourish,SHIP,"A nimble attack frigate with the capability to mount both ballistic and energy weapons. Features a secondary shield system wired to an independent plasma core, allowing for both shields to be used simultaneously and for shielding to be maintained while overloaded or actively venting.

Sharing many similarities to the earlier Lasher-class, the Flourish is a Domain-created update of its aged predecessor, with changes to reflect the strike-focused doctrine of its creation. Additional funding by the Tri-Tachyon corporation secured them several copies of its UAC, and within the Persean Sector it is a common sight within their fleets.",,,
flourish_ix,SHIP,"A survivor of a 9th Domain Battlegroup task force stranded in the Persean Sector. It is a prime specimen of their 'lightning strike' doctrine, particularly exhibited by a series of radical subsystem modifications performed using pre-Collapse industrial technology.

A nimble attack frigate with the capability to mount both ballistic and energy weapons. Features a secondary shield system wired to an independent plasma core, allowing for both shields to be used simultaneously and for shielding to be maintained while overloaded or actively venting.

Sharing many similarities to the earlier Lasher-class, the Flourish is a Domain-created update of its aged predecessor, with changes to reflect the strike-focused doctrine of its creation. Additional funding by the Tri-Tachyon corporation secured them several copies of its UAC, and within the Persean Sector it is a common sight within their fleets.",,,
ae_tremor,SHIP,"A protective drive system and spinal heavy weapon give the Tremor assault cruiser a lot of punch and the capability to easily exploit weak links in enemy lines to create an opening. It suffers from a vulnerability to larger cruisers that can chase it down and to strikes from its unprotected flanks.

Records state that the Tremor-class was first used by the rebellious world Relminth back when the Domain still existed, in a colonisation wave much closer to Old Earth. It was created by a genious ship designer who mixed and matched Domain technology with his own, more improvised features. The Tremor gained notoriety when a ship of its class led a rebel fleet against a Domain IX Battlegroup fleet, defeating their overconfident yet outmatched commander.

When the rebels eventually surrendered (or according to what the public were told, failed against the might of a followup assault), the Domain saw the value of this linebreaking cruiser and added it to their own collection.",,,
ae_hailfyre,SHIP,"Cut from the same cloth as the Tremor cruiser, the Hailfyre was adapted by the Domain after use by rebel forces, to fill the role of an assault frigate within their fleet. It has a flexible weapons loadout (likely so the rebels could ensure they could fully outfit it when weapon choice was limited), and its blend of light and heavy frigate elements give it flexibility in combat.

An advanced autoloader is installed into every Hailfyre, loading low-caliber rounds much more quickly than standard autoloaders. The result is, as some describe, a ""fyrestorm"". Unlike other accelerated ammo feeders, the Hailfyre's can be activated at all times, as the stresses of operating at increased speed are lessened with smaller ammunition.

Two Hailfyre-class frigates took part in the Relminth Rebellion, where they served the rebels well against a determined and relentless foe. Both managed to survive and later, the planet became home to an autofactory dedicated to producing more of their kind.",,,
ae_kindling,SHIP,"Offering respectable firepower and a flight deck, the Kindling-class brings sturdiness to smaller fleets, improving their control over the battlefield with an anchor that can help relieve pressure from its harder hitting allies. Domain-updated flare launchers mean that using missiles against the Kindling is most often a waste of ammo.

Developed in the later stages of the Relminth Rebellion, this destroyer was the first defensive destroyer developed during that era, eventually succeeded in spirit by the Torment. Its somewhat improvised nature is clear in its design, as the front of the ship contrasts with the military-standard rear.",,,
ae_vanquish,SHIP,"Originally designed as a command ship and fleet leader, at one point this hulking vesesel was widely refit and revamped by the Domain Navy into a full-fledged battleship, adding extremely thick armor and an overwhelming weapons array, although mobility suffered as a result. Weapon arcs are optimised for broadsiding.

The Vanquish-class, or Expedition-class as it was once known, has often been used in survey fleets and expeditionary forces, where it gained a reputation as a reliable flagship and foil to any pirates looking to potentially profit from a ""harmless"" mining group. Although the UACs available in the Sector do not feature the same sort of storage capacity as the old command ship variant, it still maintains higher than average auxiliary statistics.

A striking feature is the ship's extensive twin bridges, which are connected by a walkway at its core, reinforced to avoid them being cut off in the event of a communications failure. Nevertheless, it is a less than ideal place to be when both main guns are firing.

""Built to outlive and outlast, wielded by order and an outcast.""",,,
ae_theseus,SHIP,"An oddity among late Domain designs, the Theseus battlecruiser serves as a fleet anchor for more nimble allies, enhancing their performance and fending off opportunistic attackers with its heavy array of weaponry.

A marvel of electronic warfare, the Theseus is capable of connecting its vast computational networks to allied ships within its proximity, offloading engine and subsystem stress during combat and fine-tuning their defensive systems - both conventional shields and unconventional phase cloaks - as to improve efficiency.",,,
ae_mantidae,SHIP,"With a quick and shielded chassis, the Mantidae fighter performs well in rapid-response roles, where it can bring heavy firepower in the blink of an eye to wherever it is needed. However, it lacks staying power owing to its fragility. Its capability to mount different weapons gives unmatched versatility.

Comes in fighter, interceptor and support variants.",,,
ae_vatinae,SHIP,"A more extreme loadout for the Mantidae, the Vatinae phase fighter can slip into p-space to traverse the battlespace quickly and evade enemy fire, and its ion laser can render opponents drifting aimlessly.",,,
ae_borer_upgraded,SHIP,"Borer drones upgraded to military auxiliary specifications, improving durability and mobility. Weapons package is still lacking compared to proper fighter wings.",,,
ae_swallow,SHIP,"A dedicated close-support fighter, Swallows are armed with two long-range lasers, anti-missile flares and a Willow PDM launcher, and are well-suited to warding off incoming fighter squadrons and missile barrages. Their long-range weapons rely on a parent ship for targeting, so Swallows cannot be ordered to engage on their own.",,,
ae_phoenix,SHIP,"Able to fulfill multiple roles in combat at the same time, the Phoenix can both pressure shields and send molten lances screaming into hostile warships. Less alpha strike potential than dedicated strike craft due to the delay when firing a second Blacksmith.",,,
ae_pike,SHIP,"A low-tech solution to missile swarms, Pikes are armed with Willow point-defense missile launchers that can hastily track and intercept small targets. As Willow PDMs rely on a parent ship for targeting, Pikes cannot be ordered to engage on their own.",,,
ae_cackle,SHIP,"Making use of a downsized EMP emitter, the Cackle disruption fighter excels at disabling enemy ordnance, fighter craft and warships alike, and its shielded flux conduits grant it resistance against those who would fight fire with fire.",,,
ae_daemon,SHIP,"Able to teleport extremely long distances, the Daemon can project force at a desired location within moments. Twin autoblasters make it dangerous against most targets if left to its own devices.",,,
ae_brattice,SHIP,"Autonomous AI interceptor for use by Domain automated warships, based on the Talon. Weaker armaments but slightly more durable.",,,
ae_parapet,SHIP,Autonomous AI support drone for use by Domain automated warships. Armed with light machine guns and anti-missile flares to dissuade fighters and missiles.,,,
ae_peon,SHIP,Autonomous AI bomber for use by Domain automated warships. Carries dumbfire mining charges to blast apart asteroids and enemy combatants alike.,,,
ae_keeper,SHIP,"Although automated machines of war were forbidden in core Domain space, war drones were quietly employed outside of officially incorporated volume. Frontier garrisons were often bolstered by drone ships, and they were deployed liberally against rebellious worlds to tip the terrible balance of attrition, setting the industrial might of the Domain versus the lives of 'freedom fighters'.

Keeper-class drones were a later-designed answer to one of the main weaknesses of this type of AI warship - fighter squadrons. Able to manufacture cheap and disposable drone fighters on the fly, air superiority could be maintained even with limited carrier support from allied Domain forces.

Keepers have a slightly more sophisticated AI, a requirement for it to effectively use its fighters. It can temporarily override the simple ""shoot at anything that flies"" targeting used by its fighters and improve combat effectiveness by piloting them itself.",,,
ae_phosphor,SHIP,"An autonomous AI fighter, the Phosphor is armed with a railgun to fight shields and shielded fighters. Each one also comes with a swift Flicker escort to assist in fighting larger numbers of foes.",,,
ae_lustrare,SHIP,"A remnant of the autonomous AI fleets developed by the TriTachyon Corporation. Illegal under Domain (and Hegemony) law, and an abomination to the Church of Galactic Redemption, the First AI War saw these creations purged from the Sector. At least that is how the official histories tell it.

Able to project force at a moment's notice, the Lustrare makes up for its lack-luster armament with the ability to temporarily distort the the flow of time to make the most of out any lapse in vigilance. Additionally, it fields a smaller wing of Phosphor fighters.",,,
ae_vow,SHIP,"A unique derivative of the Brilliant drone cruiser, the Vow-class seems to have received a major overhaul by an unknown party for use by the Sierra AI. It maintains its original design's strengths, and added phase capability makes it deceptively agile.

Sierra's unusual qualities seem to be a focal point of the ship, its internals a twisting web of heavily-insulated cables snaking out from where she holds her central vigil. Through means that seemingly defy most practical principles of the poorly-understood field of interdimensional warfare, this allows her to wield the entire ship as a sort of anchor, forcing it into phase space and harnessing unknown energies or forces that are beyond the capability of human study. Sierra often likens this to a ""dance"" of sorts.

Curiously, while the Brilliant is designed with no more concessions for human life than it takes to hold a sales pitch and complementary tour, the Vow contains a fully-functional hab-module which contains a small artificial atmosphere (tuned to replicate the fresh air of an unspoiled Terran garden) and is staffed by several attendant spider-drones which perform simple tasks at request and are occasionally overridden by Sierra to socialize with the crew. A quiet but perpetual stream of melodic music fills the interior unless silence is explicitly requested. 

Despite this, the Vow has zero manual controls and has neither need nor use of human presence.",,,
,,,,,
ae_assaultpulser,WEAPON,"Fires barrages of energy bolts, pelting targets with laser fire. Short range and very inaccurate.",Assault,,
ae_miniflak,WEAPON,"A small flak cannon, able to easily splash incoming missiles and light interceptors. Somewhat slower turn rate than most point-defense weapons.",Point Defense,,
ae_miningcharge,WEAPON,"A launcher for dumbfire mining charges. Highly effective at deep-space mining, and perform acceptably as improvised anti-ship bombs.",Strike,,
ae_artillery,WEAPON,Fires a long spray of kinetic ordnance that can pressure shields and deal hull damage. Mostly negated by armor.,Fire Support,,
ae_pulserocket,WEAPON,An energy missile that disables systems and does high damage. Almost impossible to shoot down.,Assault,,
ae_willow,WEAPON,Interceptor missile launcher with fast-moving munitions. Tracks and eliminates enemy missiles before moving on to larger targets.,Point Defense,,
ae_autoblaster,WEAPON,"Automatic blaster with a quick fire rate and respectable range for its size. Poor accuracy results in lackluster performance against small targets.

Initially conceived from a process to downsize the Heavy Blaster and make it more flux-efficient, this small blaster is suitable for almost any anti-ship role.",Assault,,
ae_gravitonlance,WEAPON,"Front-loaded kinetic beam weapon, specializing in shredding through the shields of high-tech fighter craft.",Anti-Shield,,
ae_taclaser_lp,WEAPON,"Standard combat laser, useful at medium to long-ranges. A very flexible weapon, especially effective against unshielded targets.",Close Support,,
ae_miniionbeam,WEAPON,"Downscaled version of the full-sized Ion Beam, mounted as a secondary weapon for fighter craft.",,,
ae_edict,WEAPON,"Harnessing the power of phase technology, the Edict fires a burst of three energy bolts that cause heavy structural damage and electromagnetic interference on impact. Direct hits to armor or hull will create arcs of energy that deal additional EMP damage and - unlike standard ion weapons - significant damage to armor and hull.

A small phase anchor is contained within the Edict's reinforced shell. The weapon's energy-based projectiles are forced into phase-space and skim along the thin line between it and normal space. Upon hitting a target, they unphase, releasing an additional burst of particles that have a devastating electromagnetic and gravitic impact, shutting off subsystems and tearing bulkheads to shreds. Fortunately, standard starship shields are enough to negate these phase particles.",Assault,,
ae_blacksmith,WEAPON,"Two-stage missile that uses an explosive charge to launch a molten copper lance at extreme speeds, bypassing point-defense and punching holes in armor. May miss faster targets.

Resembling man-portable ""HEAT"" warheads, the Blacksmith MRM uses the same principle and scales it up to starship size, delivering molten fury wherever it is needed.

The first recorded use of Blacksmiths was by the Relminth rebels, which leads many to conclude that it was developed by their array of weapon and starship design experts. It gained infamy when the IX Battlegroup lost a Falcon light cruiser to a strategic Blacksmith barrage during their battle with the rebels.",Close Support,,
ae_blacksmith_pod,WEAPON,"Two-stage missile that uses an explosive charge to launch a molten copper lance at extreme speeds, bypassing point-defense and punching holes in armor. This pod can fire two Blacksmiths at once and is suitable for sustained combat.

Resembling man-portable ""HEAT"" warheads, the Blacksmith MRM uses the same principle and scales it up to starship size, delivering molten fury wherever it is needed.

The first recorded use of Blacksmiths was by the Relminth rebels, which leads many to conclude that it was developed by their array of weapon and starship design experts. It gained infamy when the IX Battlegroup lost a Falcon light cruiser to a strategic Blacksmith barrage during their battle with the rebels.",Close Support,,
ae_blacksmith_phoenix,WEAPON,"Two-stage missile that uses an explosive charge to launch a molten copper lance at extreme speeds, bypassing point-defense and punching holes in armor.",Close Support,,
ae_lancecannon,WEAPON,"Incredibly powerful exotic weapon that fires molten copper lances, obliterating armor with every shot. Difficult to install, and can only store a few lances at a time.

It appears to operate off the same principles as the Blacksmith MRM, although it skips using an explosive charge to melt the lance and instead uses power from a ship's reactor.",Close Support (Exotic),,
,,,,,
ae_courierdrive,SHIP_SYSTEM,"Greatly increases top speed briefly and reduces damage taken. Disables shields, turning and weapons while in use.",Movement,,
ae_energisedcharge,SHIP_SYSTEM,Greatly increases top speed briefly and reduces damage taken. Disables shields while in use.,Movement,,
ae_powerredirect,SHIP_SYSTEM,"Reroutes power from engines to shields. Reduces speed, but increases shield durability, especially against damage types that are usually effective against shields.",Defensive,,
ae_flareswarm,SHIP_SYSTEM,"Fire flares in all directions, confusing and distracting missiles.",Defensive,,
ae_overlord,SHIP_SYSTEM,This fighter is accompanied by two Wasp-class interceptors.,Drones,,
ae_mimicry,SHIP_SYSTEM,The Mimic can deploy several harmless decoys that distract enemy ships.,Drones,,
ae_courierjets,SHIP_SYSTEM,Temporarily increases speed and maneuverability while reducing incoming damage to the hull and armor. Prevents 0-flux speed bonus.,Defensive,,
ae_fighteraioverride,SHIP_SYSTEM,"Temporarily take over deployed fighters' AI, improving mobility and damage.",Support,,
ae_flickerescort,SHIP_SYSTEM,This fighter is accompanied by a Flicker-class escort drone.,Drone,,
ae_evasivemaneuver,SHIP_SYSTEM,Increase mobility and dodge all attacks for a brief moment.,Defensive,,
ae_emp_fighter,SHIP_SYSTEM,"Activates an EMP generator, disabling nearby enemy missiles, fighters, weapons and engines.",Special,,
ae_projection,SHIP_SYSTEM,"After a brief chargeup, the Daemon can reposition itself almost anywhere within its engagement range.",Movement,,
ae_anomalousshift,SHIP_SYSTEM,Shifts ship between dimensions for a brief moment. Stores up to two charges. Builds up flux on activation and while in use.,Defensive,,
ae_auxiliaryjets,SHIP_SYSTEM,Engages extra thrusters to greatly improve the ship's maneuverability. Also provides a slight boost to the ship's top speed.,Movement,,
ae_sympatheticsystems,SHIP_SYSTEM,"Nearby allied ships receive improvements to in-combat speed, shield strength, phase cloak efficiency and combat readiness longevity. Generates some flux while in use. Effective range of approximately 1200su.",Special,,
ae_sympatheticsystemssmall,SHIP_SYSTEM,"Nearby allied ships receive improvements to in-combat speed, shield strength, phase cloak efficiency and combat readiness longevity. Generates some flux while in use. Effective range of approximately 600su.",Special,,
ae_microburn_single,SHIP_SYSTEM,"Provides a brief engine boost, propelling the ship forward at an extreme velocity.",Movement,"Provides a brief engine boost, propelling the ship forward at an extreme velocity.",
ae_dreamskimmer,SHIP_SYSTEM,Teleports the ship forward in the direction it's traveling. The system slowly builds up to three charges which can then be expended in short order. Can be used while Phase Cloak is active.,,,
,,,,,
promise_station,CUSTOM,"This research station seems to give off indecipherable, rythmic signals. Its purpose is unclear but the thought of inspecting it closer somehow doesn't seem appealing.",,,
omicron_minion1,CUSTOM,"A frigate of strange design. Although online, it appears as though it has been attacked and disabled.",,,
omicron_object,CUSTOM,"A cruiser-sized starship. It's sending out pings and has signs of severe battle damage, but gives off sensor signatures that would be associated with an at least partially functioning warship.",,,
,,,,,
ae_sierracore,RESOURCE,"An AI core of unknown design and purpose. It gives off a variety of signals commonly associated with phase technology, alongside some that are unreadable. Connection ports are incompatible with any others you've seen.

Nonetheless, it is likely of value to someone. Handing it off to a major Sector power seems irresponsible.",,,
,,,,,
ae_ixbattlegroup,FACTION,"Before the Collapse, the Domain Ninth Battlegroup were a specialized section of the Domain Navy, focusing their efforts on tactics that somewhat deviated from the classic ""Decisive Battle"" doctrine, instead employing liberal use of hit-and-run tactics, ambushes and overwhelming first strikes to strike terror among rebel forces. Later in their existence, their activities shifted to primarily operating in smaller legions in joint operations with other battlegroups.

In cycle 70, a Ninth Battlegroup task force limped itself into the Persean Sector, having been cut off from the rest of their forces and the Sixth Battlegroup they had been co-operating with. Negotiations with the newly-formed Hegemony suddenly turned violent for currently classified reasons, resulting in a massive battle over the skies of Jangala that led to the IX strike fleets being scattered and retreating to the fringe systems, where they promptly declared war on the organized polities of the Sector, and have since adopted an isolationist policy, prefering the seclusion of their high-tech fortresses, raiding Sector convoys, scavenging and trading with the free captains of the Sector.",,,