name,id,designation,tech/manufacturer,system id,fleet pts,hitpoints,armor rating,max flux,8/6/5/4%,flux dissipation,ordnance points,fighter bays,max speed,acceleration,deceleration,max turn rate,turn acceleration,mass,shield type,defense id,shield arc,shield upkeep,shield efficiency,phase cost,phase upkeep,min crew,max crew,cargo,fuel,fuel/ly,range,max burn,base value,cr %/day,CR to deploy,peak CR sec,CR loss/sec,supplies/rec,supplies/mo,hints,tags,rarity,breakProb,minPieces,maxPieces,travel drive,number
# SIERRA'S SHIPS,,,,,,,,,,,,,,,,,,,,,,,,,,,,,,,,,,,,,,,,,,,,,,,
Pledge,fronsec_pledge,Destroyer,Anomalous Phase-Tech,fronsec_anomalousshift,12,5000,450,5000,,300,105,,85,75,50,30,50,500,OMNI,,150,0.4,0.6,0.02,0.04,0,10,80,60,2,30,10,50000,5,15,420,0.25,11,11,HIDE_IN_CODEX,,,0.5,2,2,fronsec_concordentry,
Vow,fronsec_vow,Cruiser,Anomalous Phase-Tech,fronsec_anomalousshift,16,8000,900,10000,,600,150,,75,45,40,25,30,2000,OMNI,,270,0.4,0.6,0.02,0.04,0,20,120,90,3,22,9,85000,5,15,480,0.25,25,25,HIDE_IN_CODEX,,,0.5,2,3,fronsec_concordentry,
,,,,,,,,,,,,,,,,,,,,,,,,,,,,,,,,,,,,,,,,,,,,,,,
# EIDOLON,,,,,,,,,,,,,,,,,,,,,,,,,,,,,,,,,,,,,,,,,,,,,,,
,fronsec_wisp_lesser,Lesser Wisp,Unknown,,,450,0,20,,-1,,,325,400,300,150,300,1,NONE,,0,0,0,,,0,0,,,,,,,,,,,,,HIDE_IN_CODEX,,,0,,,,
,fronsec_wisp,Wisp,Unknown,,,1500,0,90,,-1,,,325,400,300,150,300,1,NONE,,0,0,0,,,0,0,,,,,,,,,,,,,HIDE_IN_CODEX,,,0,,,,
,fronsec_wispmother,Wispmother,Unknown,recalldevice,12,5000,350,4000,,200,75,2,70,60,25,20,15,500,OMNI,,270,0.4,0.6,,,0,0,0,0,1,0,10,50000,5,15,,,12,12,"UNBOARDABLE, HIDE_IN_CODEX, CARRIER",,,0,2,2,,
,fronsec_vow_eidolon,Eidolon,Unknown,fronsec_anomalousshift,22,8000,900,10000,,600,150,,75,45,40,25,30,2000,OMNI,,270,0.4,0.6,0.02,0.04,0,20,120,90,3,22,9,85000,5,15,,,25,25,"UNBOARDABLE, HIDE_IN_CODEX",,,0.5,2,3,fronsec_concordentry,
,,,,,,,,,,,,,,,,,,,,,,,,,,,,,,,,,,,,,,,,,,,,,,,
# OBJECTIVES,,,,,,,,,,,,,,,,,,,,,,,,,,,,,,,,,,,,,,,,,,,,,,,
,fronsec_turret,Gunnery Emplacement,Common,,,7500,750,4000,,200,1000,,30,200,200,1,2,2000,OMNI,,120,0.2,0.8,,,0,0,0,0,1,0,0,500000,,1,,,0,0,"UNBOARDABLE, HIDE_IN_CODEX",,,0.5,2,2,,
,fronsec_hangar,Hangar Emplacement,Common,,,7500,750,3000,,200,1000,2,30,200,200,1,2,2000,NONE,,0,0,0,,,0,0,0,0,1,0,0,500000,,1,,,0,0,"UNBOARDABLE, HIDE_IN_CODEX",module_hull_bar_only,,0.5,2,2,,
,fronsec_bombardier,Bombardment Emplacement,Common,fronsec_lrms,,5000,500,2000,,150,1000,,30,200,200,1,2,2000,OMNI,,120,0.2,1,,,0,0,0,0,1,0,0,500000,,1,,,0,0,"UNBOARDABLE, HIDE_IN_CODEX",,,0.5,2,2,,
,fronsec_rem_turret,Weapon Module,Remnant,forgevats_station,,7500,750,8000,,500,1000,,30,200,200,1,2,2000,NONE,,0,0,0,,,0,0,0,0,1,0,0,500000,,1,,,0,0,"UNBOARDABLE, HIDE_IN_CODEX",module_hull_bar_only,,0.5,2,2,,
,fronsec_rem_hangar,Hangar Module,Remnant,recalldevice,,7500,750,5000,,300,1000,2,30,200,200,1,2,2000,NONE,,0,0,0,,,0,0,0,0,1,0,0,500000,,1,,,0,0,"UNBOARDABLE, HIDE_IN_CODEX",module_hull_bar_only,,0.5,2,2,,