id,obj_id,tag,hyperspace,escape,central_spawn,minFP,maxFP,weight
sotf_global_nav,nav_buoy,,,,,,,1
sotf_global_sensor,sensor_array,,,,,,,1
sotf_global_comm,comm_relay,,,,,,,1
sotf_systems_empl,sotf_objective_empl,,false,,true,,140,0.35
sotf_systems_empl_t2,sotf_objective_empl_t2,,false,,true,120,,0.35
sotf_ruins_empl,sotf_objective_empl,theme_ruins,,,true,,140,1.65
sotf_ruins_empl_t2,sotf_objective_empl_t2,theme_ruins,,,true,120,,1.65
sotf_derelict_reinf,sotf_objective_reinf,theme_derelict,,false,true,,,2
sotf_rem_remturret,sotf_objective_empl_rem,theme_remnant_main,,,true,,,1
sotf_rem_remreinf,sotf_objective_reinf_rem,theme_remnant_main,,false,true,,,1
sotf_rem_omegareinf,sotf_objective_reinf_omega,theme_remnant_main,,false,true,60,,0.05
sotf_hypershunt_omegareinf,sotf_objective_reinf_omega,has_coronal_tap,,false,true,60,,1