{
    "id": "secretsofthefrontieralt",
    "name": "Secrets of the Frontier",
    "author": "Inventor Raccoon",
    "version": "0.12",
    "description": "Stripped-down test release of Secrets of the Frontier. Now includes narrative content!",
    "gameVersion": "0.95.1a-RC6",
	"dependencies": [
        {
            "id": "lw_lazylib",
            "name": "LazyLib",
            #"version": "2.6" # If a specific version or higher is required, include this line
        },
        {
            "id": "MagicLib",
            "name": "MagicLib",
            #"version": "0.32rc2" # If a specific version is NOT required, comment out this line
        }
    ],
    "jars":["jars/frontiersecrets.jar"],
    "modPlugin":"data.scripts.FronSecModPlugin"
}
