id,obj_id,theme,hyperspace,escape,central_spawn,minFP,maxFP,weight
fs_global_nav,nav_buoy,,,,,,,1
fs_global_sensor,sensor_array,,,,,,,1
fs_global_comm,comm_relay,,,,,,,1
fs_systems_turret,fronsec_objective_turret,,false,,true,,,0.35
fs_ruins_turret,fronsec_objective_turret,theme_ruins,false,,true,,,1.65
fs_derelict_reinf,fronsec_objective_reinforcer,theme_derelict,false,false,true,,,2
fs_rem_remturret,fronsec_objective_rem_turret,theme_remnant_main,false,,true,,,1
fs_rem_remreinf,fronsec_objective_rem_reinforcer,theme_remnant_main,false,false,true,,,1