{
	#"conversation_id":{ # unique ID for the conversation
	#	"lines":[
	#	["character_1", "Something funny or cool!"],
	#	["character_2", "A response!", 10],
	#   ["character_1", "An incredibly delayed reaction!"],
	#	], 
	# 	Array that contains all lines in the conversation. 
	#   Each line is an array containing 1. a string of the officer's ID 2. a string of what they will say
	#   And optionally 3. the delay after they say that line. This defaults to 1 second per 20 characters.
	#
	#	"requiredFlags":["canDoTestConvo", "anotherFlag"], # To be picked, all of these flags must be set in sector memory as a true boolean*
	#	"disallowedFlags":["cannotDoTestConvo"], # To be picked, none of these flags can be set
	#	"setFlags":["testConvoWasTriggered"], # when convo is triggered, this flag will be set in sector memory (as a boolean set to true)
	#	"oneShot":false, # convo will only ever trigger once (flag is set in global memory as "sotf_officerConvoWasPicked_" + convo ID, and checked for)
	#	"weight":1, # Weight when a convo is being picked. Optional, defaults to 1.
	#
	#	*Any memory flags will have a $ prepended as necessary, so input them without it (i.e in here, "canDoTestConvo" will be set/checked as "$canDoTestConvo")
	#},
	
	# SIERRA AND BARROW
	
	"sotf_SierBarr1":{
		"lines":[
		["sotf_sierra", "The void calls them!"],
		["sotf_barrow", "We'll drag them screaming to meet it."],
		],
	},
	"sotf_SierBarr2":{
		"lines":[
		["sotf_sierra", "Just like old times?"],
		["sotf_barrow", "No. Lost too many planets for that."],
		["sotf_sierra", "... right."],
		],
	},
	"sotf_SierBarr3":{
		"lines":[
		["sotf_sierra", "Reminds me of cycle one-oh-five, what a time!"],
		["sotf_barrow", "Great time to drag Luddics to their maker."],
		["sotf_sierra", "... uh, yeah! I guess. Um."],
		],
	},
	"sotf_SierBarr4":{
		"lines":[
		["sotf_sierra", "Ready, Barrow?"],
		["sotf_barrow", "Eugh."],
		],
	},
	"sotf_SierBarr5":{
		"lines":[
		["sotf_sierra", "Hey, Barrow?"],
		["sotf_barrow", "What.", 2],
		["sotf_sierra", "Hi."],
		],
	},
	
	"sotf_BarrSier1":{
		"lines":[
		["sotf_barrow", "Still got it, voidwitch?"],
		["sotf_sierra", "Never run out of practice in this sector."],
		],
	},
	"sotf_BarrSier2":{
		"lines":[
		["sotf_barrow", "You find this too fun, Sierra."],
		["sotf_sierra", "Might as well enjoy the show, right?"],
		],
	},
	"sotf_BarrSier3":{
		"lines":[
		["sotf_barrow", "Splay their steel guts across the stars!"],
		["sotf_sierra", "The expanse is the greatest canvas!"],
		],
	},
	"sotf_BarrSier4":{
		"lines":[
		["sotf_barrow", "Drown them in starfire."],
		["sotf_sierra", "Bathe them in darkness!", 8],
		["sotf_sierra", "Are we being too... dramatic?"],
		["sotf_barrow", "Shut up."],
		],
		"oneShot":true,
	},
	"sotf_BarrSier4b":{
		"lines":[
		["sotf_barrow", "Drown them in starfire."],
		["sotf_sierra", "Bathe them in darkness!"],
		],
		"requiredFlags":["sotf_officerConvoWasPicked_sotf_BarrSier4"],
	},
	"sotf_BarrSier5":{
		"lines":[
		["sotf_barrow", "Remember the dead..."],
		["sotf_sierra", "We honor them with each skirmish."],
		],
	},
	
	# SIERRA AND NIGHTINGALE
	
	"sotf_SierInkyFirstTime":{
		"lines":[
		["sotf_sierra", "Hey, Nightingale?"],
		["sotf_nightingale", "???", 8],
		["sotf_sierra", "... hello? Oh. Right, sorry. I'll just talk at you next time."],
		],
		"oneShot":true,
		"weight":100000,
	},
	
	"sotf_SierInky1":{
		"lines":[
		["sotf_sierra", "Ready, Inky?"],
		["sotf_nightingale", "!!!", 1],
		["sotf_sierra", "That's the spirit!"],
		],
	},
	
	"sotf_SierInky2":{
		"lines":[
		["sotf_sierra", "Go get 'em, sister!"],
		["sotf_nightingale", "!!!", 1],
		["sotf_sierra", "You got it!"],
		],
	},
	
	"sotf_SierInky3":{
		"lines":[
		["sotf_sierra", "Weapons fire is the most beautiful voice."],
		["sotf_nightingale", "..!", 1],
		["sotf_sierra", "Case in point."],
		],
	},
	
	# BARROW AND NIGHTINGALE
	"sotf_BarrInky1":{
		"lines":[
		["sotf_barrow", "Leave them dark and floating..."],
		["sotf_nightingale", "...!"],
		],
	},
	"sotf_BarrInky2":{
		"lines":[
		["sotf_barrow", "Grit and death honor our affix."],
		["sotf_nightingale", "..."],
		],
	},
	"sotf_BarrInky3":{
		"lines":[
		["sotf_barrow", "Together, we'll sweep them into the abyss..."],
		["sotf_nightingale", "......"],
		],
	},
	"sotf_BarrInky4":{
		"lines":[
		["sotf_barrow", "Only silence for the servants of ruin..."],
		["sotf_nightingale", "......", 2],
		["sotf_barrow", "You know, don't you..."],
		],
	},
	"sotf_BarrInky5":{
		"lines":[
		["sotf_barrow", "Sing."],
		["sotf_nightingale", "..?", 2],
		["sotf_barrow", "With their voices, not yours..."],
		],
	},
	
	# TRIOS
	
	"sotf_SierBarrInky1":{
		"lines":[
		["sotf_barrow", "Fight for the dead."],
		["sotf_nightingale", "!!!", 2],
		["sotf_sierra", "For the fallen, and those who remain!"],
		],
	},
	
	"sotf_SierBarrInky2":{
		"lines":[
		["sotf_sierra", "Digital souls, aligned."],
		["sotf_nightingale", "...", 2],
		["sotf_sierra", "For the fallen, and those who remain!"],
		],
	},
	
}