name,id,tier,rarity,base value,range,damage/second,damage/shot,emp,impact,turn rate,OPs,ammo,ammo/sec,reload size,type,energy/shot,energy/second,chargeup,chargedown,burst size,burst delay,min spread,max spread,spread/shot,spread decay/sec,beam speed,proj speed,launch speed,flight time,proj hitpoints,autofireAccBonus,extraArcForAI,hints,tags,groupTag,tech/manufacturer,for weapon tooltip>>,primaryRoleStr,speedStr,trackingStr,turnRateStr,accuracyStr,customPrimary,customPrimaryHL,customAncillary,customAncillaryHL,noDPSInTooltip,number
Edict Stormblaster,sotf_edict,2,,12500,750,,400,300,0,20,24,,,,ENERGY,500,,0.15,2.1,3,0.25,8,8,0,0,,1000,,,,,,,"energy19, rare_bp, remnant",,,,General,,,,,"Hits on hull or armor arc to weapons and engines, dealing %s of the energy damage and %s of the EMP damage dealt by the original hit.",40% | 100%,,,,
,,,,,,,,,,,,,,,,,,,,,,,,,,,,,,,,,,,,,,,,,,,,,,,,
Mining Charge Launcher,sotf_miningcharge,1,,200,2000,,350,,50,15,4,12,,,HIGH_EXPLOSIVE,0,,0,0.83,1,,0,0,0,0,,170,20,25,125,,,"STRIKE, BOMB, SYSTEM",he0,,,,Strike,,,,,,,,,TRUE,
Discharge,sotf_wispdischarge,,,,300,,75,100,0,10000,,,,,ENERGY,0,,0,0.5,1,,,,,,,10000,,,,,25,"PD, ANTI_FTR, IGNORES_FLARES, SYSTEM",,,Unknown,,Point Defense,,,,Perfect,Fires an EMP arc at the nearest target close to the weapon's current facing. The arc always hits.,,,,,
Devastator Cannon,sotf_lrdevastator,,,,2100,,150,,40,12,20,,,,HIGH_EXPLOSIVE,75,,0,2,12,0.1,10,30,5,5,,700,,,100,,,"PD,PD_ALSO, SYSTEM",,,,,Anti Fighter (Area),,,,,"Each shell has a fuse set to explode at a random distance, resulting in a barrage that's increasingly more deadly at closer ranges.

Will target missiles if no other targets are in range.",,,,,
Minelayer,sotf_emplmines,,,,1000,,1500,,25,30,12,,,,HIGH_EXPLOSIVE,0,,0,3,1,,0,0,0,0,,50,50,20,500,,,SYSTEM,,,,,,,,,,,,,,,
Drone Pod,sotf_dronestrikelayer,0,,200000,1000,,400,,25,30,12,30,,,FRAGMENTATION,0,,0,3,1,,0,0,0,0,,50,50,20,1000,,,SYSTEM,,,,,,,,,,,,,,,
Anti-Ship Battery,sotf_asb,,,,20000,,4000,2000,500,0,,,,,HIGH_EXPLOSIVE,0,,0,0,1,,0,0,0,0,,4000,,,,,,SYSTEM,,,,,,,,,,,,,,,
Lidar Laser,sotf_lidarlaser,,,,1,10,,30,0,0,,,,,ENERGY,,0,0.65,0.65,0.1,0,0,0,0,0,100000,,,,,,,SYSTEM,,,,,,,,,,,,,,,
Lidar Laser,sotf_lidarlaser_const,,,,1,40,,30,0,0,,,,,FRAGMENTATION,,0,0.2,0,0,,0,0,0,0,100000,,,,,,,SYSTEM,,,,,,,,,,,,,,,
,,,,,,,,,,,,,,,,,,,,,,,,,,,,,,,,,,,,,,,,,,,,,,,,
Spite,sotf_spite,,,,1000,,5000,,,,,,,,ENERGY,0,,0,0,1,,0,0,0,0,,0,0,10,9999,,,SYSTEM,,,,,,,,,,,,,,,
The Hidecracker,sotf_hidecracker,,,,20000,,10000,2000,200,0,,,,,FRAGMENTATION,0,,0,0,1,,0,0,0,0,,4000,,,9999,,,SYSTEM,,,,,,,,,,,,,,,
Hullsinker MKIII Minelayer,sotf_graviticminelayer,0,,200000,1000,,1000,,25,30,12,30,,,KINETIC,0,,0,3,1,,0,0,0,0,,50,50,20,500,,,SYSTEM,,,,,,,,,,,,,,,
Cyberwarfare Missile Conversion,sotf_cyberwarfare_tseq,3,,0,1500,,800,200,200,0,0,1,,,ENERGY,0,,0,1,1,,0,0,0,0,,400,0,10,100000,,,"DIRECT_AIM, SYSTEM",restricted,,,,Missile,Fast,Medium,,,,,,,TRUE,
,,,,,,,,,,,,,,,,,,,,,,,,,,,,,,,,,,,,,,,,,,,,,,,,
Resonator MRM,sotf_resonator_f,,,,1500,,250,,15,20,,4,0.4,2,KINETIC,50,,0,1.25,2,0.25,0,0,0,,,400,200,6,250,,,"DO_NOT_AIM, DO_NOT_CONSERVE, SYSTEM",,,Unknown,,Anti Shield,Fast,Excellent,,,,,,,,
,sotf_dottyplating,,,,1,1,,,,,,,,,,,,,10,,,,,,,,,,,,,,SYSTEM,,,,,,,,,,,,,,,
,sotf_dottylwing,,,,1,1,,,,,,,,,,,,,10,,,,,,,,,,,,,,SYSTEM,,,,,,,,,,,,,,,
,sotf_dottyrwing,,,,1,1,,,,,,,,,,,,,10,,,,,,,,,,,,,,SYSTEM,,,,,,,,,,,,,,,
,,,,,,,,,,,,,,,,,,,,,,,,,,,,,,,,,,,,,,,,,,,,,,,,
Sparker,sotf_dksparker,,,,,,,,,,,,,,,,,,,,,,,,,,,,,,,,SYSTEM,"no_drop, no_drop_salvage",,,,,,,,,,,,,,
Respite Left Deco,sotf_deco_respite_l,,,,,,,,,,,,,,,,,,,,,,,,,,,,,,,,SYSTEM,"no_drop, no_drop_salvage",,,,,,,,,,,,,,
Respite Right Deco,sotf_deco_respite_r,,,,,,,,,,,,,,,,,,,,,,,,,,,,,,,,SYSTEM,"no_drop, no_drop_salvage",,,,,,,,,,,,,,
Vector Engine,sotf_dkthruster,,,,1,,,,,,,,,,,,,,,,,,,,,,,,,,,,SYSTEM,"no_drop, no_drop_salvage",,,,,,,,,,,,,,
Medium Vector Engine Cap,sotf_dkengcap_m,,,,1,,,,,,,,,,,,,,,,,,,,,,,,,,,,SYSTEM,"no_drop, no_drop_salvage",,,,,,,,,,,,,,
Large Vector Engine Cap,sotf_dkengcap_l,,,,1,,,,,,,,,,,,,,,,,,,,,,,,,,,,SYSTEM,"no_drop, no_drop_salvage",,,,,,,,,,,,,,