name,id,tier,rarity,base value,range,damage/second,damage/shot,emp,impact,turn rate,OPs,ammo,ammo/sec,reload size,type,energy/shot,energy/second,chargeup,chargedown,burst size,burst delay,min spread,max spread,spread/shot,spread decay/sec,beam speed,proj speed,launch speed,flight time,proj hitpoints,autofireAccBonus,extraArcForAI,hints,tags,groupTag,tech/manufacturer,for weapon tooltip>>,primaryRoleStr,speedStr,trackingStr,turnRateStr,accuracyStr,customPrimary,customPrimaryHL,customAncillary,customAncillaryHL,noDPSInTooltip,number
Edict Stormblaster,fronsec_edict,2,,12500,750,,350,300,0,20,24,,,,ENERGY,500,,0.15,2.1,3,0.25,8,8,0,0,,1000,,,,,,,"energy19, rare_bp, remnant",,,,General,,,,,"Hits on hull or armor arc to weapons and engines, dealing %s of the energy damage and %s of the EMP damage dealt by the original hit.",40% | 100%,,,,
Discharge,fronsec_wispdischarge,3,,,300,,75,100,0,10000,,,,,ENERGY,0,,0,0.5,1,,,,,,,10000,,,,,25,"PD, SYSTEM",,,Unknown,,Point Defense,,,,Perfect,Fires an EMP arc at the nearest target close to the weapon's current facing. The arc always hits.,,,,,
Devastator Cannon,fronsec_lrdevastator,1,,3500,2100,,150,,40,12,20,,,,HIGH_EXPLOSIVE,75,,0,2,12,0.1,10,30,5,5,,700,,,100,,,"PD,PD_ALSO, SYSTEM",,,,,Anti Fighter (Area),,,,,"Each shell has a fuse set to explode at a random distance, resulting in a barrage that's increasingly more deadly at closer ranges.

Will target missiles if no other targets are in range.",,,,,
Minelayer,fronsec_emplmines,0,,200000,1000,,1500,,25,30,12,,,,HIGH_EXPLOSIVE,0,,0,3,1,,0,0,0,0,,50,50,20,500,,,SYSTEM,,,,,,,,,,,,,,,
Anti-Ship Battery,fronsec_asb,0,,200000,20000,,4000,2000,200,0,99,,,,HIGH_EXPLOSIVE,0,,0,0,1,,0,0,0,0,,1000,1000,,1000,,,SYSTEM,,,,,,,,,,,,,,,